,RADeg,decDeg,y_c,SNR,numSigPix,snr_threshold,template,iter_cluster_idx,cluster_idx,iter_num
0,25.917333333333332,6.427333333333335,6.218776326108624e-05,104.26185265104287,1764,50.0,gauss0.65arcmin,32,0,1
1,25.47266666666668,4.836,4.985515460616826e-05,73.89913041184522,384,50.0,gauss0.4arcmin,13,1,1
2,27.33533333333335,7.420666666666667,4.34016822032913e-05,71.48795544583996,561,50.0,gauss0.55arcmin,25,2,1
3,25.510000000000016,4.837333333333334,4.114607317959056e-05,58.443035215402276,127,50.0,gauss0.35arcmin,11,3,1
4,26.06466666666666,5.040000000000002,3.411121928316751e-05,49.70609979408191,679,25.0,gauss0.4arcmin,35,4,2
5,25.89400000000001,6.4253333333333345,2.4094659085089233e-05,40.030992475614006,638,25.0,gauss0.5arcmin,66,5,2
6,24.549333333333333,4.636000000000001,2.67715390483915e-05,38.68637631422344,441,25.0,gauss0.4arcmin,37,6,2
7,24.65933333333333,5.508000000000001,2.077762321022908e-05,34.569514980962275,455,25.0,gauss0.5arcmin,68,7,2
8,26.591999999999995,4.790000000000001,2.2954669459621786e-05,34.128196223204746,575,25.0,gauss0.55arcmin,84,8,2
9,26.010666666666676,7.427333333333334,1.9185301065183326e-05,33.6861018216861,402,25.0,gauss0.5arcmin,70,9,2
10,24.53133333333333,7.3740000000000006,1.9692887468213088e-05,32.87649626440473,322,25.0,gauss0.45arcmin,55,10,2
11,26.43266666666667,6.942666666666668,2.07906367784871e-05,32.1255080135986,184,25.0,gauss0.35arcmin,26,11,2
12,27.021333333333327,5.5086666666666675,2.0475763263754405e-05,30.782082904732036,207,25.0,gauss0.4arcmin,43,12,2
13,25.854666666666674,6.067333333333334,1.8578929850249753e-05,30.355382592461368,331,25.0,gauss0.55arcmin,87,13,2
14,26.08933333333334,6.558666666666667,1.719077455609983e-05,29.035262990697596,248,25.0,gauss0.55arcmin,90,14,2
15,24.527333333333342,6.344000000000001,1.886009835679936e-05,28.745855787032816,104,25.0,gauss0.35arcmin,31,15,2
16,27.422666666666686,6.219333333333334,1.8218250322479735e-05,28.432758145210073,163,25.0,gauss0.45arcmin,59,16,2
17,24.85666666666668,4.7186666666666675,1.7223352501561016e-05,26.23476359764978,92,25.0,gauss0.55arcmin,93,17,2
18,26.51933333333334,4.694000000000001,1.7551912254544954e-05,25.920540372795752,55,25.0,gauss0.5arcmin,79,18,2
19,24.763333333333335,6.0806666666666676,1.3774748219139423e-05,25.18319547189261,22,25.0,gauss0.75arcmin,146,19,2
20,26.103999999999996,6.186666666666667,1.5866481255464557e-05,25.042151004526136,3,25.0,gauss0.45arcmin,64,20,2
21,26.25666666666667,6.664000000000001,1.4820219272229267e-05,24.811000055920957,663,15.0,gauss0.5arcmin,141,21,3
22,26.484666666666662,4.78,1.7770017170402105e-05,24.45352873387498,345,15.0,gauss0.35arcmin,47,22,3
23,25.017333333333337,7.0406666666666675,1.3736273913607364e-05,24.058526705949827,793,15.0,gauss0.55arcmin,174,23,3
24,26.473999999999997,6.348666666666667,1.601648139474894e-05,23.941853922282903,324,15.0,gauss0.35arcmin,48,24,3
25,26.18133333333333,6.510666666666667,1.3460807649263637e-05,23.39238409580619,1437,15.0,gauss0.75arcmin,272,25,3
26,27.408000000000005,6.809333333333334,1.544500746186424e-05,22.765867213573664,296,15.0,gauss0.35arcmin,50,26,3
27,24.868666666666677,7.512666666666668,1.3965647704804802e-05,22.67096915159477,389,15.0,gauss0.4arcmin,81,27,3
28,26.15333333333335,4.473333333333334,1.4790672469424749e-05,22.611277784141333,872,15.0,gauss0.6arcmin,203,28,3
29,24.948000000000004,4.713333333333334,1.4951169403927871e-05,22.353854488926423,464,15.0,gauss0.45arcmin,115,29,3
30,27.371333333333332,5.754666666666667,1.5210733500380795e-05,21.96284985472578,262,15.0,gauss0.35arcmin,52,30,3
31,25.888666666666662,5.234666666666668,1.4991199385706121e-05,21.90853883045607,286,15.0,gauss0.35arcmin,53,31,3
32,25.93866666666666,6.423333333333334,1.222820160684833e-05,21.20632075243023,1153,15.0,gauss0.75arcmin,276,32,3
33,25.433333333333344,6.982666666666668,1.248599492906004e-05,21.027355048538247,391,15.0,gauss0.45arcmin,119,33,3
34,26.787999999999993,5.013333333333334,1.3563992666300822e-05,20.83922603586937,653,15.0,gauss0.6arcmin,207,34,3
35,26.217333333333336,7.228666666666667,1.1456828322195216e-05,20.670883688344944,522,15.0,gauss0.55arcmin,180,35,3
36,26.069333333333343,6.350000000000001,1.4797019273978575e-05,20.451709703607758,179,15.0,gauss0.3arcmin,26,36,3
37,27.151333333333344,6.372666666666667,1.381167576950776e-05,20.314614201299623,219,15.0,gauss0.35arcmin,57,37,3
38,27.390666666666664,4.830000000000001,1.358525627473578e-05,20.297258352171532,279,15.0,gauss0.4arcmin,87,38,3
39,27.357333333333344,6.478666666666667,1.3298832252923104e-05,19.61229129816413,192,15.0,gauss0.35arcmin,60,39,3
40,25.49533333333334,4.838000000000001,1.2239415533983027e-05,19.56764665915133,1576,15.0,gauss0.75arcmin,279,40,3
41,24.72333333333334,4.796666666666667,1.4518017976047827e-05,18.929480840033786,130,15.0,gauss0.3arcmin,33,41,3
42,25.33266666666666,5.821333333333334,1.1087284585579166e-05,18.909390946829756,326,15.0,gauss0.5arcmin,157,42,3
43,25.68599999999999,7.402666666666667,1.1854302873367022e-05,18.42527372787177,156,15.0,gauss0.35arcmin,64,43,3
44,26.686666666666667,4.454000000000001,1.24808334049623e-05,17.968481262091426,173,15.0,gauss0.4arcmin,97,44,3
45,26.024666666666665,5.386666666666668,1.2818028034235931e-05,17.449322647070606,92,15.0,gauss0.3arcmin,35,45,3
46,25.795333333333343,7.424666666666669,1.0565569402246988e-05,17.429211913238575,145,15.0,gauss0.4arcmin,100,46,3
47,24.86933333333334,6.421333333333335,9.74133114506664e-06,17.364040026161746,327,15.0,gauss0.65arcmin,243,47,3
48,26.10800000000001,5.050000000000001,1.1611165690434996e-05,16.37652561784125,73,15.0,gauss0.35arcmin,72,48,3
49,26.394000000000002,6.374666666666667,9.593320554123308e-06,16.057335635458614,96,15.0,gauss0.5arcmin,166,49,3
50,26.136666666666677,6.4253333333333345,1.0705477148793765e-05,16.03815621708721,52,15.0,gauss0.35arcmin,73,50,3
51,27.038666666666668,5.393333333333334,1.0390976488800734e-05,15.677305005631913,41,15.0,gauss0.4arcmin,104,51,3
52,27.49666666666667,4.482,1.028696844537449e-05,15.50202455563789,35,15.0,gauss0.4arcmin,107,52,3
53,26.66133333333335,5.359333333333334,1.0694839956995284e-05,15.39514640155863,19,15.0,gauss0.35arcmin,75,53,3
54,24.508666666666674,7.002666666666667,8.781845849614112e-06,15.15509709301431,16,15.0,gauss0.5arcmin,171,54,3
55,25.839999999999996,6.368666666666669,1.0865144198291281e-05,15.05188771600694,2,15.0,gauss0.3arcmin,45,55,3
56,25.467333333333332,4.8500000000000005,1.0824288884080933e-05,17.22606675608438,204,15.0,gauss0.5arcmin,4,56,4
57,25.609333333333346,6.563333333333335,8.357602523029474e-06,15.073204886829265,12,15.0,gauss0.65arcmin,9,57,4
58,27.31466666666666,5.0726666666666675,9.946068966254473e-06,15.026823601729863,2,15.0,gauss0.4arcmin,2,58,4
59,24.833999999999996,6.3340000000000005,9.291240166400625e-06,14.887621054780867,166,12.5,gauss0.4arcmin,86,59,5
60,26.450666666666674,5.768666666666667,9.060777298223592e-06,14.782978620901027,245,12.5,gauss0.5arcmin,150,60,5
61,25.919333333333327,5.653333333333334,9.484615651105036e-06,14.636111991100625,145,12.5,gauss0.4arcmin,87,61,5
62,25.17133333333334,4.614000000000001,9.192812829209565e-06,14.558608870164406,232,12.5,gauss0.5arcmin,151,62,5
63,27.598666666666684,5.522000000000001,8.711163919983368e-06,14.463207466108999,364,12.5,gauss0.65arcmin,214,63,5
64,25.12333333333334,4.5953333333333335,9.642365564146235e-06,14.428876655135486,144,12.5,gauss0.4arcmin,88,64,5
65,24.638666666666666,5.501333333333334,8.822967899245747e-06,14.41513396408791,163,12.5,gauss0.45arcmin,121,65,5
66,26.697333333333333,6.9413333333333345,1.0034765277622575e-05,14.40208656610672,87,12.5,gauss0.3arcmin,21,66,5
67,27.340000000000003,6.143333333333334,9.895903142145025e-06,14.402035471495507,108,12.5,gauss0.35arcmin,55,67,5
68,26.594000000000015,5.954666666666667,9.10564093707483e-06,14.077439588268748,113,12.5,gauss0.4arcmin,92,68,5
69,26.716,4.796666666666667,1.203612164772629e-05,14.035189264959303,51,12.5,gauss0.25arcmin,0,69,5
70,25.93200000000001,5.934000000000001,9.039223678313672e-06,13.956208802548707,99,12.5,gauss0.4arcmin,94,70,5
71,27.34666666666668,6.280666666666668,9.466434272007454e-06,13.86895022749383,84,12.5,gauss0.35arcmin,60,71,5
72,26.591999999999995,4.808666666666667,9.969955751379976e-06,13.86083728202913,83,12.5,gauss0.35arcmin,61,72,5
73,24.576000000000008,4.794666666666667,9.449116612696073e-06,13.854322116192023,105,12.5,gauss0.4arcmin,95,73,5
74,26.63199999999999,6.142000000000002,9.416929074733855e-06,13.840264988192944,71,12.5,gauss0.35arcmin,62,74,5
75,26.84133333333334,5.754666666666667,9.460947338349643e-06,13.839545201409475,70,12.5,gauss0.35arcmin,63,75,5
76,26.24933333333333,5.654000000000001,9.417353186902559e-06,13.803694264014007,75,12.5,gauss0.35arcmin,66,76,5
77,25.979333333333347,7.394000000000001,8.753906137952579e-06,13.803534772039193,74,12.5,gauss0.35arcmin,67,77,5
78,25.826000000000008,7.400666666666668,8.262775159557876e-06,13.75722349123693,87,12.5,gauss0.4arcmin,99,78,5
79,25.55066666666668,4.488666666666667,8.953039644330296e-06,13.610729297718224,85,12.5,gauss0.4arcmin,101,79,5
80,24.620666666666686,7.5726666666666675,7.492357201308659e-06,13.58573688049727,344,12.5,gauss0.75arcmin,237,80,5
81,26.268,5.392666666666667,9.973649144125364e-06,13.546757874490833,43,12.5,gauss0.3arcmin,32,81,5
82,24.802000000000003,7.456666666666668,8.345361903906954e-06,13.463764764627786,68,12.5,gauss0.4arcmin,105,82,5
83,24.915333333333347,6.311333333333335,7.829183654285487e-06,13.41831635141325,96,12.5,gauss0.5arcmin,159,83,5
84,26.077333333333346,5.027333333333335,8.656882699740061e-06,13.415104575597702,109,12.5,gauss0.5arcmin,160,84,5
85,27.17466666666667,4.675333333333334,9.264761961323363e-06,13.28158060447063,44,12.5,gauss0.35arcmin,73,85,5
86,26.12933333333334,4.774000000000002,9.389084265414263e-06,13.236721063251467,42,12.5,gauss0.35arcmin,75,86,5
87,25.465333333333337,4.823333333333334,8.151875517683856e-06,13.20875323093531,121,12.5,gauss0.6arcmin,205,87,5
88,25.50333333333334,5.293333333333334,9.409048920385135e-06,13.2065292845596,32,12.5,gauss0.3arcmin,36,88,5
89,24.934000000000015,4.737333333333334,8.980683405510212e-06,13.168684584864966,50,12.5,gauss0.4arcmin,108,89,5
90,24.665333333333336,7.376000000000001,8.122732357448344e-06,13.096021827245002,40,12.5,gauss0.4arcmin,110,90,5
91,25.516000000000002,4.8500000000000005,9.707628554307456e-06,13.047288549565366,27,12.5,gauss0.3arcmin,43,91,5
92,26.21133333333333,5.360666666666668,7.772832371669437e-06,12.971197121606417,93,12.5,gauss0.65arcmin,221,92,5
93,25.668666666666677,7.323333333333333,7.861292979766671e-06,12.921182468552352,30,12.5,gauss0.4arcmin,113,93,5
94,25.895333333333337,7.368000000000001,8.164024687740625e-06,12.872782755023971,21,12.5,gauss0.35arcmin,82,94,5
95,27.042666666666683,7.386000000000001,9.408437028399088e-06,12.86136940046134,15,12.5,gauss0.3arcmin,46,95,5
96,25.513333333333343,7.069333333333335,9.924043402610287e-06,12.671968070594994,7,12.5,gauss0.25arcmin,16,96,5
97,25.588666666666683,5.461333333333335,9.034740803012633e-06,12.665617084699583,8,12.5,gauss0.3arcmin,49,97,5
98,26.330000000000016,6.082666666666667,7.919114697573613e-06,12.664980163264408,16,12.5,gauss0.45arcmin,146,98,5
99,26.54733333333334,4.908,8.287245550500455e-06,12.634813595555704,16,12.5,gauss0.5arcmin,173,99,5
100,27.202666666666673,6.778000000000001,7.81261956255168e-06,12.574770786457071,7,12.5,gauss0.45arcmin,147,100,5
101,26.25266666666668,5.527333333333334,8.468695537107192e-06,12.488397202894763,173,10.0,gauss0.35arcmin,83,101,6
102,24.69999999999999,7.024000000000002,8.760066116060805e-06,12.444699305067964,121,10.0,gauss0.3arcmin,33,102,6
103,26.429333333333346,5.944666666666667,7.588953366110161e-06,12.442502820129924,341,10.0,gauss0.5arcmin,222,103,6
104,26.81133333333334,4.684000000000001,8.20801980706567e-06,12.432398638262002,280,10.0,gauss0.45arcmin,180,104,6
105,25.25933333333334,5.741333333333334,7.743527210543682e-06,12.429926125449022,201,10.0,gauss0.4arcmin,133,105,6
106,24.529333333333337,7.394000000000001,7.194345422158905e-06,12.384508260742574,296,10.0,gauss0.5arcmin,224,106,6
107,27.579333333333324,6.090666666666668,8.023660561764651e-06,12.338928910116504,262,10.0,gauss0.4arcmin,134,107,6
108,24.60400000000001,5.537333333333334,7.543692132414225e-06,12.317995284961688,227,10.0,gauss0.45arcmin,182,108,6
109,25.02266666666668,6.491333333333334,7.549281210370833e-06,12.115832827575558,183,10.0,gauss0.4arcmin,137,109,6
110,25.90200000000001,6.406666666666667,6.947900856383902e-06,11.994264269141249,312,10.0,gauss0.55arcmin,260,110,6
111,24.980666666666664,6.109333333333334,8.403954711298554e-06,11.85285055306913,99,10.0,gauss0.3arcmin,37,111,6
112,26.96866666666667,6.002666666666667,7.474500493780696e-06,11.821885547619903,196,10.0,gauss0.45arcmin,189,112,6
113,27.34666666666668,5.5566666666666675,7.732790177882961e-06,11.808316234475827,149,10.0,gauss0.4arcmin,142,113,6
114,25.077999999999996,4.861333333333334,8.318954529725315e-06,11.802961741635285,131,10.0,gauss0.35arcmin,90,114,6
115,26.968000000000007,5.813333333333334,8.672995414915812e-06,11.770594289851239,93,10.0,gauss0.3arcmin,38,115,6
116,27.40600000000001,5.982000000000001,7.408334269234045e-06,11.686306772969852,202,10.0,gauss0.45arcmin,190,116,6
117,25.934000000000005,6.197333333333334,7.497042282512761e-06,11.656322552466584,152,10.0,gauss0.4arcmin,145,117,6
118,26.501333333333335,5.194000000000001,7.603633394988168e-06,11.63121462881757,143,10.0,gauss0.4arcmin,146,118,6
119,24.49066666666667,5.269333333333334,8.224248773748984e-06,11.43767487587645,74,10.0,gauss0.3arcmin,41,119,6
120,25.422666666666682,5.464,8.129994531709693e-06,11.422836434355288,78,10.0,gauss0.3arcmin,42,120,6
121,27.127999999999997,7.560000000000002,7.699683446964631e-06,11.396534014680851,90,10.0,gauss0.35arcmin,100,121,6
122,26.384666666666668,7.5166666666666675,6.5443298343670725e-06,11.36634643996865,152,10.0,gauss0.45arcmin,196,122,6
123,26.906000000000017,6.0406666666666675,9.35729901648478e-06,11.355382820115032,51,10.0,gauss0.25arcmin,5,123,6
124,27.49400000000001,4.566000000000001,8.460964664121067e-06,11.334479373622804,77,10.0,gauss0.3arcmin,46,124,6
125,25.897999999999996,6.4493333333333345,6.375615276430539e-06,11.33242524546567,721,10.0,gauss0.75arcmin,357,125,6
126,26.490000000000006,6.829333333333335,6.733439724983527e-06,11.306202749823289,142,10.0,gauss0.45arcmin,197,126,6
127,25.37266666666666,5.354666666666668,7.991645514432279e-06,11.228408827323364,63,10.0,gauss0.3arcmin,49,127,6
128,27.508,5.8580000000000005,7.645776888931923e-06,11.213925569946516,88,10.0,gauss0.35arcmin,104,128,6
129,25.54066666666668,5.476000000000001,7.014568161789143e-06,11.180874072913344,101,10.0,gauss0.4arcmin,151,129,6
130,26.584000000000014,4.962000000000001,8.45247558340833e-06,11.053819831114769,64,10.0,gauss0.3arcmin,52,130,6
131,25.421333333333326,6.569333333333335,6.142259061293866e-06,11.016277704709308,184,10.0,gauss0.6arcmin,295,131,6
132,27.07266666666668,4.898000000000001,6.723087978507506e-06,10.941702982709932,157,10.0,gauss0.55arcmin,274,132,6
133,26.565333333333346,6.356000000000002,7.787502472960565e-06,10.915783370305732,50,10.0,gauss0.3arcmin,55,133,6
134,25.37733333333334,5.709333333333334,8.6676655567816e-06,10.886807349245348,35,10.0,gauss0.25arcmin,13,134,6
135,24.597333333333335,4.7266666666666675,7.217299937150842e-06,10.864302672073064,97,10.0,gauss0.45arcmin,199,135,6
136,25.41666666666667,4.774000000000002,7.182066630443015e-06,10.848590265621462,73,10.0,gauss0.4arcmin,157,136,6
137,25.476000000000003,7.258666666666667,8.43500310817923e-06,10.820648786257983,32,10.0,gauss0.25arcmin,16,137,6
138,27.244,7.160000000000002,7.885296120352919e-06,10.804950997141065,44,10.0,gauss0.3arcmin,60,138,6
139,27.517333333333333,4.623333333333334,6.867603868427014e-06,10.799975890319079,96,10.0,gauss0.45arcmin,200,139,6
140,24.760666666666676,6.354666666666668,5.934895573325429e-06,10.794484685601152,606,10.0,gauss0.75arcmin,358,140,6
141,26.653333333333347,4.564000000000001,7.317704005677155e-06,10.720787530901237,67,10.0,gauss0.4arcmin,161,141,6
142,26.633333333333347,4.918666666666668,7.630867632014726e-06,10.694386095873673,46,10.0,gauss0.35arcmin,115,142,6
143,27.58066666666668,5.860666666666668,6.6188821365008005e-06,10.680094289654377,102,10.0,gauss0.5arcmin,244,143,6
144,25.717333333333343,6.626666666666668,7.00389462724843e-06,10.652564208481184,44,10.0,gauss0.35arcmin,117,144,6
145,24.857333333333347,7.496666666666669,6.924047705556991e-06,10.6515766487255,47,10.0,gauss0.35arcmin,118,145,6
146,24.48800000000001,6.596666666666668,6.587762783860883e-06,10.614648161254983,54,10.0,gauss0.4arcmin,162,146,6
147,27.32666666666668,4.527333333333334,7.012598326321502e-06,10.610368537309135,55,10.0,gauss0.4arcmin,163,147,6
148,26.341333333333345,6.312666666666668,6.691215096488752e-06,10.592834321771894,53,10.0,gauss0.4arcmin,164,148,6
149,26.143333333333352,5.160666666666668,8.697008898976669e-06,10.586354268103294,25,10.0,gauss0.25arcmin,20,149,6
150,26.641333333333353,6.617333333333335,6.575910979651295e-06,10.585421965619034,54,10.0,gauss0.4arcmin,166,150,6
151,24.843999999999998,7.6240000000000006,6.1248577550356505e-06,10.577141915067147,82,10.0,gauss0.5arcmin,246,151,6
152,26.73200000000001,4.551333333333334,8.923604826282822e-06,10.46891454362709,19,10.0,gauss0.25arcmin,24,152,6
153,27.597999999999992,5.676000000000001,8.647221379638508e-06,10.452022822047267,22,10.0,gauss0.25arcmin,27,153,6
154,25.84266666666668,5.225333333333334,8.456665834412052e-06,10.351599093254519,16,10.0,gauss0.25arcmin,30,154,6
155,25.018666666666665,5.330000000000001,5.937327180034452e-06,10.332142823256936,72,10.0,gauss0.65arcmin,327,155,6
156,26.44533333333333,4.776000000000001,7.878124340280105e-06,10.297979228173311,18,10.0,gauss0.3arcmin,70,156,6
157,27.468,6.826666666666668,6.566329715999698e-06,10.258928067975923,24,10.0,gauss0.4arcmin,177,157,6
158,24.569333333333333,5.2426666666666675,5.782589414934314e-06,10.157518576151638,47,10.0,gauss0.75arcmin,367,158,6
159,24.819333333333343,7.0486666666666675,6.620206976193003e-06,10.14223252559973,9,10.0,gauss0.35arcmin,130,159,6
160,24.751333333333342,6.338000000000001,5.55631311618606e-06,10.084893825822473,46,10.0,gauss0.7arcmin,353,160,6
161,24.988000000000003,6.494000000000001,6.282363851254837e-06,10.078034192568687,9,10.0,gauss0.4arcmin,178,161,6
162,27.348666666666674,6.071333333333334,6.06033136526992e-06,10.037076789521473,13,10.0,gauss0.75arcmin,370,162,6
163,27.332,4.580000000000001,7.4983201425007145e-06,10.00604114688451,1,10.0,gauss0.3arcmin,82,163,6
164,25.833333333333346,7.012666666666668,5.973704452146641e-06,10.001758729418455,1,10.0,gauss0.4arcmin,179,164,6
165,25.021333333333352,6.849333333333335,6.227990405238934e-06,10.035580573059251,3,10.0,gauss0.4arcmin,2,165,7
166,26.511333333333337,4.424,7.0733342580365165e-06,10.030654641878176,3,10.0,gauss0.35arcmin,1,166,7
167,25.96066666666668,6.4413333333333345,6.541638617579048e-06,9.961378148056204,190,7.5,gauss0.35arcmin,199,167,8
168,26.03533333333333,5.0040000000000004,6.670510517460607e-06,9.93755409088221,281,7.5,gauss0.4arcmin,306,168,8
169,26.625333333333344,6.321333333333334,6.536859791505228e-06,9.899744850370917,193,7.5,gauss0.35arcmin,200,169,8
170,26.128000000000007,6.7986666666666675,7.875484057369503e-06,9.89118251949165,115,7.5,gauss0.25arcmin,0,170,8
171,27.455333333333343,6.938000000000001,6.309713449802915e-06,9.845674130871853,259,7.5,gauss0.4arcmin,307,171,8
172,26.844666666666665,5.118666666666667,7.301718764428803e-06,9.809863404389533,144,7.5,gauss0.3arcmin,93,172,8
173,24.400666666666673,7.253333333333333,7.664639395594608e-06,9.807023477229782,115,7.5,gauss0.25arcmin,1,173,8
174,27.032000000000018,7.246666666666668,7.958335246251542e-06,9.785921652107065,106,7.5,gauss0.25arcmin,2,174,8
175,24.98666666666667,4.744000000000001,6.252239099098561e-06,9.77993273543136,448,7.5,gauss0.55arcmin,565,175,8
176,27.574000000000005,4.500000000000001,6.635339280546515e-06,9.75138845173646,195,7.5,gauss0.35arcmin,202,176,8
177,26.327999999999996,5.248666666666668,8.022219097362505e-06,9.742137849898715,114,7.5,gauss0.25arcmin,3,177,8
178,26.752666666666673,4.703333333333334,7.392933845053152e-06,9.735967211085248,149,7.5,gauss0.3arcmin,95,178,8
179,26.408000000000015,6.986000000000001,6.699615441946663e-06,9.71007656584497,142,7.5,gauss0.3arcmin,96,179,8
180,25.14933333333335,6.3180000000000005,6.83143130967757e-06,9.703104677404403,165,7.5,gauss0.3arcmin,97,180,8
181,24.868666666666677,6.468000000000001,5.450431513528406e-06,9.651529892048455,481,7.5,gauss0.6arcmin,624,181,8
182,25.41933333333333,4.483333333333334,6.3182103087018105e-06,9.632743509625332,242,7.5,gauss0.4arcmin,311,182,8
183,27.360666666666667,6.328000000000001,6.975426343451947e-06,9.616459121645947,151,7.5,gauss0.3arcmin,101,183,8
184,25.158666666666683,5.720666666666667,7.585127215197613e-06,9.560779654672587,93,7.5,gauss0.25arcmin,6,184,8
185,24.84333333333333,7.190000000000001,7.5052058317479735e-06,9.55804477809845,100,7.5,gauss0.25arcmin,7,185,8
186,24.46666666666668,7.040000000000001,5.5108577229087814e-06,9.552525708990904,347,7.5,gauss0.5arcmin,496,186,8
187,26.471333333333337,6.6240000000000006,5.677623119923377e-06,9.550527807974833,268,7.5,gauss0.45arcmin,408,187,8
188,26.863333333333333,5.044666666666667,6.655971478137319e-06,9.538123486953506,172,7.5,gauss0.35arcmin,207,188,8
189,27.083333333333346,4.498,6.998039831215918e-06,9.494932557558567,133,7.5,gauss0.3arcmin,104,189,8
190,25.53333333333334,4.881333333333334,6.246436259344702e-06,9.480345959085493,217,7.5,gauss0.4arcmin,313,190,8
191,27.356000000000012,7.610666666666669,6.365643185287407e-06,9.465303979419433,184,7.5,gauss0.35arcmin,211,191,8
192,27.458000000000002,6.518000000000001,6.304641976654316e-06,9.43022478356852,179,7.5,gauss0.35arcmin,212,192,8
193,27.472666666666683,6.767333333333334,7.610436826993699e-06,9.421777099956692,78,7.5,gauss0.25arcmin,11,193,8
194,27.591333333333345,6.156000000000001,6.083709714220774e-06,9.417036599306,234,7.5,gauss0.4arcmin,316,194,8
195,24.97133333333333,7.0006666666666675,5.59327782539956e-06,9.407294391886962,261,7.5,gauss0.45arcmin,412,195,8
196,26.16866666666667,4.658000000000001,6.605541651243906e-06,9.385821411619698,187,7.5,gauss0.35arcmin,214,196,8
197,26.43000000000001,5.794666666666667,5.511191447011822e-06,9.370506933227018,527,7.5,gauss0.65arcmin,678,197,8
198,26.189999999999998,5.026666666666667,7.007535806836721e-06,9.33669280273779,120,7.5,gauss0.3arcmin,107,198,8
199,25.873333333333346,6.0166666666666675,5.7241740920945905e-06,9.323957270185696,253,7.5,gauss0.45arcmin,416,199,8
200,26.839333333333347,5.733333333333334,5.962551920138791e-06,9.27558528397608,200,7.5,gauss0.4arcmin,323,200,8
201,24.44466666666666,4.387333333333334,6.4797747501703225e-06,9.221459329155195,167,7.5,gauss0.35arcmin,218,201,8
202,27.431333333333328,6.773333333333334,6.6247651986135736e-06,9.183181877516613,108,7.5,gauss0.3arcmin,110,202,8
203,26.912666666666667,5.463333333333334,6.759588776134987e-06,9.155906319121264,115,7.5,gauss0.3arcmin,114,203,8
204,24.56133333333333,4.906666666666667,6.941965512359672e-06,9.154387009461693,116,7.5,gauss0.3arcmin,115,204,8
205,25.216666666666658,4.808000000000001,7.573678327543382e-06,9.133358618592935,80,7.5,gauss0.25arcmin,17,205,8
206,26.184000000000015,6.484000000000001,5.152132297204973e-06,9.11209475974074,382,7.5,gauss0.6arcmin,627,206,8
207,24.54466666666668,4.647333333333334,6.904475051862861e-06,9.107335235621953,117,7.5,gauss0.3arcmin,117,207,8
208,25.209333333333344,4.857333333333334,7.538850703470263e-06,9.089751244488973,89,7.5,gauss0.25arcmin,19,208,8
209,26.93800000000001,6.563333333333335,6.006338953739798e-06,9.04067222221911,146,7.5,gauss0.35arcmin,227,209,8
210,27.458000000000002,6.145333333333334,6.617395179473e-06,9.032804776198166,103,7.5,gauss0.3arcmin,119,210,8
211,27.580000000000016,5.650000000000001,6.6245843927441195e-06,9.016152169930075,98,7.5,gauss0.3arcmin,121,211,8
212,25.965999999999998,7.059333333333334,5.657240080680478e-06,9.000099826845526,124,7.5,gauss0.35arcmin,229,212,8
213,26.81533333333333,5.214,6.631160941509353e-06,8.988264446930566,107,7.5,gauss0.3arcmin,122,213,8
214,27.572666666666674,6.975333333333334,6.490933217530701e-06,8.978664457202248,94,7.5,gauss0.3arcmin,124,214,8
215,26.926000000000016,4.792000000000001,7.4827667133581344e-06,8.952857753427892,82,7.5,gauss0.25arcmin,26,215,8
216,25.926666666666666,6.398000000000001,5.058833123682272e-06,8.924610382626726,365,7.5,gauss0.6arcmin,631,216,8
217,25.132666666666672,7.270000000000001,5.232616852821535e-06,8.915923183966509,213,7.5,gauss0.45arcmin,424,217,8
218,26.737333333333332,7.370666666666668,4.961085758727353e-06,8.862291608104352,225,7.5,gauss0.5arcmin,514,218,8
219,27.333999999999996,7.542666666666668,7.176755997996925e-06,8.854942465108206,74,7.5,gauss0.25arcmin,30,219,8
220,27.318666666666676,6.994000000000001,7.1821174019799105e-06,8.82610139662567,75,7.5,gauss0.25arcmin,31,220,8
221,27.040666666666663,5.431333333333334,5.724612592904852e-06,8.814732424235647,160,7.5,gauss0.4arcmin,335,221,8
222,25.837333333333337,4.794000000000001,5.901040407428195e-06,8.760690771092671,149,7.5,gauss0.4arcmin,338,222,8
223,25.672,7.0406666666666675,4.9384011126724356e-06,8.760138651258428,224,7.5,gauss0.5arcmin,517,223,8
224,25.076000000000004,7.115333333333334,5.018456494101629e-06,8.721180322258592,219,7.5,gauss0.5arcmin,518,224,8
225,26.052000000000003,5.038,5.531726300191997e-06,8.716818340906284,630,7.5,gauss0.75arcmin,763,225,8
226,25.926666666666666,6.452666666666667,4.8661424663454475e-06,8.714685925679232,597,7.5,gauss0.75arcmin,764,226,8
227,24.97466666666668,7.158666666666668,5.638022680235702e-06,8.689117266139492,125,7.5,gauss0.35arcmin,240,227,8
228,26.13533333333335,4.474666666666668,6.084987420807084e-06,8.685334348543577,123,7.5,gauss0.35arcmin,242,228,8
229,25.248666666666676,5.252666666666667,5.345563506444783e-06,8.56993097015156,127,7.5,gauss0.4arcmin,347,229,8
230,24.830666666666673,7.080000000000001,6.728785602942251e-06,8.569088671897086,57,7.5,gauss0.25arcmin,36,230,8
231,27.33066666666667,7.242000000000001,6.210174902612291e-06,8.542726068493696,76,7.5,gauss0.3arcmin,138,231,8
232,27.593333333333337,6.084666666666667,6.986823149472579e-06,8.54019167073322,61,7.5,gauss0.25arcmin,38,232,8
233,25.21266666666667,6.113333333333334,5.562353130476245e-06,8.536693365420774,93,7.5,gauss0.35arcmin,249,233,8
234,24.57333333333335,4.44,5.601866696825777e-06,8.525791472166539,160,7.5,gauss0.45arcmin,442,234,8
235,27.572666666666674,5.522666666666668,5.112464313735734e-06,8.4972853983393,220,7.5,gauss0.55arcmin,590,235,8
236,24.628666666666664,5.565333333333335,6.082936704677157e-06,8.469709335322145,71,7.5,gauss0.3arcmin,141,236,8
237,26.123333333333328,4.545333333333334,6.383355592203294e-06,8.466799277914546,78,7.5,gauss0.3arcmin,142,237,8
238,27.015333333333345,5.9413333333333345,6.195032203105948e-06,8.450906294235578,70,7.5,gauss0.3arcmin,143,238,8
239,25.53733333333333,5.407333333333334,5.9818938277787824e-06,8.443701615656963,71,7.5,gauss0.3arcmin,144,239,8
240,24.67200000000001,6.866666666666667,5.508269566175862e-06,8.435357481301095,98,7.5,gauss0.35arcmin,255,240,8
241,24.892,4.849333333333334,7.0896745266018e-06,8.409412625515712,52,7.5,gauss0.25arcmin,41,241,8
242,24.981999999999992,5.001333333333335,5.903146760242812e-06,8.369390664823682,90,7.5,gauss0.35arcmin,261,242,8
243,26.702000000000012,5.241333333333334,5.686916967009026e-06,8.344690313612672,72,7.5,gauss0.35arcmin,262,243,8
244,26.62333333333335,6.562000000000001,5.4436827328984314e-06,8.342145695635171,77,7.5,gauss0.35arcmin,263,244,8
245,25.92200000000001,4.576666666666667,7.005388566664509e-06,8.323689245442566,44,7.5,gauss0.25arcmin,44,245,8
246,26.580666666666666,4.774000000000002,5.2582921793551065e-06,8.305069399881486,236,7.5,gauss0.6arcmin,647,246,8
247,24.999333333333333,5.511333333333334,6.688387132656354e-06,8.30452085415436,43,7.5,gauss0.25arcmin,45,247,8
248,25.784000000000013,5.659333333333334,5.276399471197799e-06,8.286687619883773,95,7.5,gauss0.4arcmin,360,248,8
249,25.817333333333337,6.204000000000001,5.549391696942323e-06,8.283032137554828,73,7.5,gauss0.35arcmin,265,249,8
250,27.32466666666666,7.436666666666667,5.149964979843715e-06,8.277837157408628,119,7.5,gauss0.45arcmin,448,250,8
251,26.206666666666674,5.098000000000001,6.836783507503492e-06,8.250997549948355,39,7.5,gauss0.25arcmin,48,251,8
252,26.198000000000004,5.479333333333334,5.047403574259224e-06,8.157158199088801,124,7.5,gauss0.45arcmin,452,252,8
253,26.653333333333347,7.3580000000000005,6.324499311336769e-06,8.144946928385462,36,7.5,gauss0.25arcmin,53,253,8
254,25.898666666666664,6.772000000000001,5.76140854473523e-06,8.128382099459687,49,7.5,gauss0.3arcmin,162,254,8
255,24.860000000000007,4.501333333333334,6.793055462761899e-06,8.092010681576609,35,7.5,gauss0.25arcmin,56,255,8
256,26.309333333333353,4.832666666666668,5.135760371944684e-06,8.074064014577008,298,7.5,gauss0.75arcmin,772,256,8
257,27.31466666666666,4.852666666666667,5.263349717607445e-06,8.066770223306001,70,7.5,gauss0.4arcmin,378,257,8
258,27.048666666666666,7.526666666666668,5.833180864079879e-06,8.066098119892674,44,7.5,gauss0.3arcmin,165,258,8
259,26.34333333333334,7.469333333333335,5.526106701818381e-06,8.055470245497164,36,7.5,gauss0.3arcmin,166,259,8
260,26.39266666666667,5.203333333333334,5.936326844401803e-06,8.055296824421504,44,7.5,gauss0.3arcmin,167,260,8
261,27.482000000000017,6.036666666666667,5.889777650625687e-06,8.050410845037755,41,7.5,gauss0.3arcmin,168,261,8
262,25.664666666666662,5.130000000000001,4.973689414548488e-06,8.036453840774497,81,7.5,gauss0.45arcmin,460,262,8
263,26.14666666666668,4.598666666666667,5.4031223974246395e-06,8.017658590276795,67,7.5,gauss0.4arcmin,379,263,8
264,27.14866666666666,6.426666666666668,5.100138063722063e-06,8.010657614908085,59,7.5,gauss0.4arcmin,380,264,8
265,24.64666666666667,4.498,5.6411373283745766e-06,7.990382587496301,46,7.5,gauss0.35arcmin,281,265,8
266,24.920666666666666,6.895333333333334,6.280467083633609e-06,7.974834487629231,27,7.5,gauss0.25arcmin,64,266,8
267,27.483333333333345,6.309333333333334,4.838899067608032e-06,7.962773217066735,82,7.5,gauss0.5arcmin,545,267,8
268,26.201333333333327,5.375333333333334,6.449155002960151e-06,7.9203832489325725,21,7.5,gauss0.25arcmin,66,268,8
269,24.862666666666666,4.700666666666668,5.1137800776782545e-06,7.88734614207478,73,7.5,gauss0.5arcmin,550,269,8
270,25.124000000000006,4.613333333333334,4.8737471609092894e-06,7.859776269958014,151,7.5,gauss0.7arcmin,746,270,8
271,27.214666666666666,5.8580000000000005,5.343161011922973e-06,7.850082604621686,33,7.5,gauss0.35arcmin,288,271,8
272,26.03733333333335,7.430000000000001,4.046916091983015e-06,7.841046350718524,143,7.5,gauss0.75arcmin,778,272,8
273,26.807999999999993,5.601333333333334,5.0500239835966e-06,7.815466880588418,39,7.5,gauss0.4arcmin,391,273,8
274,26.16,6.200000000000001,6.347839514268829e-06,7.805241793547693,17,7.5,gauss0.25arcmin,75,274,8
275,25.013333333333346,7.346000000000002,6.117285980435169e-06,7.798791046640029,17,7.5,gauss0.25arcmin,76,275,8
276,26.54800000000001,5.948666666666668,5.6676145106503715e-06,7.780626472584547,20,7.5,gauss0.3arcmin,179,276,8
277,27.258000000000013,7.4620000000000015,4.4823747940193415e-06,7.773092916611814,94,7.5,gauss0.7arcmin,748,277,8
278,24.629999999999995,5.598000000000001,4.515988243847931e-06,7.743021555356183,55,7.5,gauss0.55arcmin,616,278,8
279,27.457333333333338,4.451333333333334,5.698778206462606e-06,7.738303313576722,19,7.5,gauss0.3arcmin,181,279,8
280,27.230666666666675,7.256000000000001,5.221862434237002e-06,7.729519320824629,22,7.5,gauss0.35arcmin,293,280,8
281,27.195333333333334,7.520000000000001,4.931005835887117e-06,7.70061899001828,27,7.5,gauss0.4arcmin,395,281,8
282,26.27933333333333,6.480666666666668,5.4463193561651665e-06,7.689510840574024,13,7.5,gauss0.3arcmin,183,282,8
283,24.98333333333335,4.546,5.2070025295223276e-06,7.68550140747894,28,7.5,gauss0.4arcmin,397,283,8
284,26.68066666666666,6.174666666666668,5.1688020356573995e-06,7.683258327509617,16,7.5,gauss0.35arcmin,296,284,8
285,27.21866666666668,6.443333333333334,4.879535699893123e-06,7.666128464543027,23,7.5,gauss0.4arcmin,398,285,8
286,26.357999999999993,5.256000000000001,5.62196541667358e-06,7.655093428395551,11,7.5,gauss0.3arcmin,185,286,8
287,27.331333333333333,5.9,5.5952274163583125e-06,7.630484872178939,11,7.5,gauss0.3arcmin,186,287,8
288,26.518000000000008,5.727333333333335,5.150301921683089e-06,7.619190774416752,11,7.5,gauss0.35arcmin,300,288,8
289,26.488666666666678,6.416000000000001,6.0559490414539345e-06,7.607869810092172,6,7.5,gauss0.25arcmin,84,289,8
290,25.53200000000001,6.302666666666667,4.941829579453305e-06,7.588090623270014,10,7.5,gauss0.35arcmin,301,290,8
291,26.716,6.155333333333335,5.504637175678138e-06,7.560268697256538,5,7.5,gauss0.3arcmin,193,291,8
292,26.436666666666685,6.891333333333335,5.271141640449616e-06,7.5503749646806995,3,7.5,gauss0.3arcmin,195,292,8
293,27.476000000000006,5.801333333333334,5.115463789302974e-06,7.526419483470906,3,7.5,gauss0.35arcmin,305,293,8
294,27.45400000000001,4.602666666666667,5.55569724124807e-06,7.510257213034206,1,7.5,gauss0.3arcmin,197,294,8
295,26.599999999999998,6.204000000000001,4.78419122890538e-06,7.504145207340687,2,7.5,gauss0.4arcmin,403,295,8
296,24.972666666666683,5.017333333333334,5.416279306333269e-06,8.129750259804377,76,7.5,gauss0.4arcmin,7,296,9
297,24.554000000000016,4.625333333333335,6.0386329853101045e-06,8.015106863782409,46,7.5,gauss0.3arcmin,1,297,9
298,26.085333333333324,5.048000000000001,4.760169652730012e-06,7.693695325979681,99,7.5,gauss0.75arcmin,19,298,9
299,27.25866666666668,6.7873333333333346,4.274810123766819e-06,7.664358387237402,71,7.5,gauss0.75arcmin,20,299,9
300,25.555333333333333,5.379333333333334,5.3363695230264596e-06,7.565163309815901,5,7.5,gauss0.3arcmin,3,300,9
301,25.32600000000001,7.087333333333334,4.77528279288916e-06,7.550965727822962,5,7.5,gauss0.35arcmin,6,301,9
302,27.074000000000012,4.860666666666667,4.890958235477801e-06,7.549292955155359,7,7.5,gauss0.4arcmin,9,302,9
303,24.508666666666674,5.171333333333334,5.371769215487129e-06,7.48813851542551,199,5.0,gauss0.3arcmin,395,303,10
304,25.492666666666675,5.3706666666666685,4.8821208579937416e-06,7.486326564377948,268,5.0,gauss0.35arcmin,771,304,10
305,26.309333333333353,6.156666666666667,5.402345456465616e-06,7.485239861247624,227,5.0,gauss0.3arcmin,396,305,10
306,25.219333333333346,4.746,5.50569551150288e-06,7.474722972645683,221,5.0,gauss0.3arcmin,397,306,10
307,27.608666666666682,7.222000000000002,4.952499081949208e-06,7.449917795883654,290,5.0,gauss0.35arcmin,772,307,10
308,26.416666666666686,6.5806666666666676,4.3686057404965765e-06,7.434988701170912,428,5.0,gauss0.45arcmin,1426,308,10
309,26.26933333333333,5.135333333333334,4.638400408606477e-06,7.422981363734446,464,5.0,gauss0.45arcmin,1427,309,10
310,27.03333333333335,7.410000000000002,4.198985799313441e-06,7.419274304389982,837,5.0,gauss0.65arcmin,2256,310,10
311,27.530666666666683,6.962000000000001,5.297283146446882e-06,7.406175014685269,218,5.0,gauss0.3arcmin,399,311,10
312,25.185999999999996,5.304666666666668,4.8311329426531866e-06,7.3982012693711185,272,5.0,gauss0.35arcmin,773,312,10
313,26.004666666666665,4.710000000000001,5.145522660615761e-06,7.394800531061965,277,5.0,gauss0.35arcmin,774,313,10
314,25.620666666666676,4.813333333333334,5.057265668549282e-06,7.379615146276215,273,5.0,gauss0.35arcmin,775,314,10
315,26.102666666666664,5.399333333333334,5.963907911855028e-06,7.376394815223347,182,5.0,gauss0.25arcmin,2,315,10
316,27.147999999999996,6.203333333333334,5.3203770996535935e-06,7.366242308042871,216,5.0,gauss0.3arcmin,401,316,10
317,24.477333333333345,6.416666666666668,4.149975412576597e-06,7.356662576758841,637,5.0,gauss0.55arcmin,1914,317,10
318,24.664666666666673,4.570666666666667,6.162791929760748e-06,7.3524222400246755,163,5.0,gauss0.25arcmin,3,318,10
319,26.124666666666684,5.164000000000001,5.973733652071967e-06,7.348533973889322,127,5.0,gauss0.25arcmin,4,319,10
320,26.95733333333334,7.086666666666668,4.844862496174888e-06,7.335037043789908,258,5.0,gauss0.35arcmin,778,320,10
321,25.875333333333337,6.423333333333334,4.0574821880557795e-06,7.333879007853687,1792,5.0,gauss0.75arcmin,2499,321,10
322,27.17066666666668,5.164000000000001,5.3733805710608695e-06,7.329377703724229,229,5.0,gauss0.3arcmin,406,322,10
323,25.16933333333335,5.9653333333333345,4.75801207761818e-06,7.328861817663841,269,5.0,gauss0.35arcmin,779,323,10
324,26.19266666666666,5.172666666666667,4.679454273743879e-06,7.326578167012176,336,5.0,gauss0.4arcmin,1116,324,10
325,26.37333333333334,5.7793333333333345,5.94912099613024e-06,7.313565492889455,156,5.0,gauss0.25arcmin,5,325,10
326,25.156666666666663,4.859333333333334,6.0401350587063246e-06,7.312024667759853,166,5.0,gauss0.25arcmin,6,326,10
327,26.64066666666666,5.465333333333334,6.00148175393955e-06,7.299219766453975,149,5.0,gauss0.25arcmin,8,327,10
328,24.977333333333338,4.776000000000001,6.113796187296704e-06,7.297363970496427,171,5.0,gauss0.25arcmin,10,328,10
329,24.503333333333327,5.736000000000001,4.743058969173226e-06,7.283750801684315,258,5.0,gauss0.35arcmin,783,329,10
330,24.60533333333334,6.3580000000000005,4.1971248026304364e-06,7.262208942876541,487,5.0,gauss0.5arcmin,1694,330,10
331,24.50133333333333,6.838000000000001,5.0618636505143885e-06,7.2597593749706455,198,5.0,gauss0.3arcmin,409,331,10
332,24.78133333333334,5.023333333333334,6.046391332279192e-06,7.252621489822141,157,5.0,gauss0.25arcmin,13,332,10
333,26.15266666666666,6.776666666666667,5.0862817125013805e-06,7.229537434900628,197,5.0,gauss0.3arcmin,413,333,10
334,26.76200000000001,5.154666666666667,4.920061385277141e-06,7.228617120240367,293,5.0,gauss0.35arcmin,785,334,10
335,27.327333333333346,5.827333333333334,4.82813990469523e-06,7.2008665966407746,269,5.0,gauss0.35arcmin,788,335,10
336,26.906000000000017,5.093333333333334,5.292509909695894e-06,7.177267718910754,215,5.0,gauss0.3arcmin,415,336,10
337,26.077333333333346,6.499333333333334,4.258761906751311e-06,7.173698900668578,420,5.0,gauss0.45arcmin,1430,337,10
338,24.370666666666676,6.400666666666668,4.998986973634472e-06,7.15727546897472,209,5.0,gauss0.3arcmin,416,338,10
339,25.60533333333333,7.106000000000001,3.826954768267583e-06,7.112483338530916,806,5.0,gauss0.65arcmin,2258,339,10
340,27.074666666666676,7.216000000000002,4.4984475200312195e-06,7.088568120908481,360,5.0,gauss0.4arcmin,1127,340,10
341,25.698666666666675,5.006,4.86768500863748e-06,7.081792961796733,272,5.0,gauss0.35arcmin,793,341,10
342,25.423333333333346,7.435333333333334,4.475649699911508e-06,7.080859773852803,233,5.0,gauss0.35arcmin,794,342,10
343,26.102,6.565333333333334,5.604497294465265e-06,7.068755132029983,133,5.0,gauss0.25arcmin,19,343,10
344,24.595333333333343,5.031333333333334,4.693716004791558e-06,7.064407699129124,325,5.0,gauss0.4arcmin,1129,344,10
345,26.16333333333335,4.463333333333335,5.870356637761156e-06,7.063738620016874,155,5.0,gauss0.25arcmin,20,345,10
346,24.574000000000012,5.8180000000000005,4.174128637124981e-06,7.0458851821725075,392,5.0,gauss0.45arcmin,1436,346,10
347,26.207333333333338,6.132000000000001,5.710045099632056e-06,7.044129051880689,142,5.0,gauss0.25arcmin,22,347,10
348,25.808000000000003,7.420000000000001,4.7597711381228815e-06,7.029723830482042,205,5.0,gauss0.3arcmin,422,348,10
349,25.50333333333334,5.902666666666668,3.7947954805832044e-06,7.024885620406153,1008,5.0,gauss0.75arcmin,2502,349,10
350,26.424666666666663,7.069333333333335,5.425763448778667e-06,7.0246855156123615,137,5.0,gauss0.25arcmin,24,350,10
351,25.407333333333337,6.470666666666667,3.8095157161566185e-06,7.023444845245388,854,5.0,gauss0.7arcmin,2388,351,10
352,26.087333333333344,6.139333333333334,4.424680614367825e-06,6.990937578659597,376,5.0,gauss0.4arcmin,1135,352,10
353,24.520000000000003,4.724,4.678902079155173e-06,6.984170753805256,316,5.0,gauss0.4arcmin,1137,353,10
354,26.810000000000013,5.470000000000001,4.071536980200789e-06,6.958609029157911,912,5.0,gauss0.7arcmin,2390,354,10
355,25.870666666666658,5.558000000000001,5.622367452673789e-06,6.954618381295864,148,5.0,gauss0.25arcmin,27,355,10
356,27.33933333333334,5.3420000000000005,4.7084820743398625e-06,6.947329282837251,243,5.0,gauss0.35arcmin,801,356,10
357,26.65133333333335,6.380666666666667,4.502955627623648e-06,6.945307453514075,241,5.0,gauss0.35arcmin,803,357,10
358,25.17733333333335,6.137333333333334,4.491572838130235e-06,6.919270886967404,246,5.0,gauss0.35arcmin,806,358,10
359,27.217333333333325,6.140000000000001,4.411993887743135e-06,6.9105177604851615,287,5.0,gauss0.4arcmin,1145,359,10
360,25.535999999999998,4.670000000000001,4.15702673214465e-06,6.885380167136108,656,5.0,gauss0.6arcmin,2108,360,10
361,27.364666666666682,6.929333333333334,3.943841508799996e-06,6.875902476629222,610,5.0,gauss0.6arcmin,2109,361,10
362,24.96133333333333,4.851333333333334,4.611947712321611e-06,6.874551548318889,315,5.0,gauss0.4arcmin,1148,362,10
363,27.31933333333334,4.49,5.626875305035995e-06,6.86734653575895,103,5.0,gauss0.25arcmin,31,363,10
364,25.029999999999994,5.898666666666667,4.4559623965308175e-06,6.84809499053731,216,5.0,gauss0.35arcmin,811,364,10
365,27.144000000000005,5.864000000000001,4.58879328472165e-06,6.845488926524236,261,5.0,gauss0.35arcmin,812,365,10
366,24.921999999999997,6.128000000000001,5.408375596944508e-06,6.844513047082049,116,5.0,gauss0.25arcmin,32,366,10
367,26.781333333333343,6.386000000000001,4.033541536318753e-06,6.8347152489351,350,5.0,gauss0.45arcmin,1451,367,10
368,25.868666666666662,7.481333333333335,5.216346071228968e-06,6.822805208902952,114,5.0,gauss0.25arcmin,33,368,10
369,27.284,7.490666666666669,3.968071701111225e-06,6.807210394032175,495,5.0,gauss0.55arcmin,1926,369,10
370,27.39733333333334,7.4060000000000015,4.898754436269461e-06,6.805531901187813,157,5.0,gauss0.3arcmin,436,370,10
371,24.850666666666672,4.733333333333334,4.4290321739835475e-06,6.803349710153896,387,5.0,gauss0.45arcmin,1454,371,10
372,26.668,6.145333333333334,4.298039188736478e-06,6.798716999935752,291,5.0,gauss0.4arcmin,1153,372,10
373,24.981999999999992,6.848666666666667,5.3309221722263785e-06,6.794368284487394,114,5.0,gauss0.25arcmin,34,373,10
374,26.751333333333346,6.44,3.991869909476408e-06,6.7895929348390665,358,5.0,gauss0.45arcmin,1456,374,10
375,27.40866666666667,6.211333333333334,4.174133956832507e-06,6.763862854205476,360,5.0,gauss0.45arcmin,1460,375,10
376,25.09866666666666,7.606666666666668,5.226061428557338e-06,6.763523501748799,124,5.0,gauss0.25arcmin,36,376,10
377,26.638666666666666,5.535333333333334,3.961788331044141e-06,6.758441764419511,726,5.0,gauss0.65arcmin,2266,377,10
378,26.807333333333354,5.117333333333334,4.045202938151205e-06,6.716743943445945,615,5.0,gauss0.6arcmin,2115,378,10
379,25.713333333333328,7.1913333333333345,5.162171178728211e-06,6.716592181296603,106,5.0,gauss0.25arcmin,39,379,10
380,25.395333333333344,7.017333333333335,4.2459806084429225e-06,6.71045852838578,203,5.0,gauss0.35arcmin,819,380,10
381,25.27333333333333,4.963333333333334,5.5189739717597315e-06,6.710129391484774,118,5.0,gauss0.25arcmin,40,381,10
382,27.58933333333335,7.5806666666666676,4.760321358520569e-06,6.673154835269844,167,5.0,gauss0.3arcmin,445,382,10
383,26.168000000000006,6.369333333333334,5.290007384395088e-06,6.6506816149553885,111,5.0,gauss0.25arcmin,43,383,10
384,24.449333333333342,6.836000000000001,5.194998198428025e-06,6.648880378875599,122,5.0,gauss0.25arcmin,44,384,10
385,26.812666666666672,4.838666666666668,5.566714875479223e-06,6.641756243616698,124,5.0,gauss0.25arcmin,45,385,10
386,26.322666666666677,7.400000000000001,5.1119748276371464e-06,6.6377643949219465,103,5.0,gauss0.25arcmin,46,386,10
387,24.503333333333327,5.499333333333334,4.720367208695515e-06,6.636553452448767,159,5.0,gauss0.3arcmin,446,387,10
388,27.07533333333334,6.300000000000001,4.1849004449684296e-06,6.621051546715588,282,5.0,gauss0.4arcmin,1162,388,10
389,26.593333333333323,5.455333333333335,5.435097755069786e-06,6.610357148950244,116,5.0,gauss0.25arcmin,48,389,10
390,26.00533333333333,6.801333333333334,3.7352821927168273e-06,6.5986102404002684,447,5.0,gauss0.55arcmin,1940,390,10
391,25.68666666666668,5.454000000000001,4.342702334439419e-06,6.596164769923603,203,5.0,gauss0.35arcmin,826,391,10
392,26.938666666666673,6.110666666666668,5.353008846356153e-06,6.592175819223064,127,5.0,gauss0.25arcmin,51,392,10
393,25.60533333333333,6.319333333333335,4.264487818586287e-06,6.583121824019356,185,5.0,gauss0.35arcmin,828,393,10
394,25.648000000000014,7.341333333333335,4.490522806675892e-06,6.577208540952295,142,5.0,gauss0.3arcmin,453,394,10
395,26.409333333333347,4.862666666666668,5.5178951726045e-06,6.5727914091220665,102,5.0,gauss0.25arcmin,52,395,10
396,26.320666666666682,5.081333333333334,3.9933346113312295e-06,6.561389781598162,645,5.0,gauss0.65arcmin,2272,396,10
397,27.62533333333333,5.969333333333334,3.894609000108189e-06,6.551063385382236,473,5.0,gauss0.55arcmin,1943,397,10
398,24.639999999999993,6.958000000000001,4.211005814688169e-06,6.536335114662514,191,5.0,gauss0.35arcmin,833,398,10
399,24.768666666666682,4.812666666666667,5.47566269361589e-06,6.531640625965172,109,5.0,gauss0.25arcmin,55,399,10
400,25.136666666666663,5.304,5.190474579637937e-06,6.5286500527054745,97,5.0,gauss0.25arcmin,56,400,10
401,25.19133333333334,7.016000000000001,5.046912947284404e-06,6.527437824334403,98,5.0,gauss0.25arcmin,57,401,10
402,26.004,5.589333333333334,4.69466107643049e-06,6.522082734302891,134,5.0,gauss0.3arcmin,460,402,10
403,26.52533333333335,4.463333333333335,4.870070278010786e-06,6.5071394184985465,138,5.0,gauss0.3arcmin,461,403,10
404,26.612666666666684,5.026666666666667,4.19545657358099e-06,6.502427483938853,306,5.0,gauss0.45arcmin,1474,404,10
405,26.47733333333335,5.640666666666667,4.739191520708798e-06,6.498887593339873,146,5.0,gauss0.3arcmin,463,405,10
406,25.51200000000001,4.824000000000001,4.444277289053867e-06,6.49837514909216,325,5.0,gauss0.35arcmin,837,406,10
407,24.924000000000017,5.037333333333334,5.403434338840423e-06,6.495888677717632,106,5.0,gauss0.25arcmin,60,407,10
408,25.497999999999998,5.19,4.245095834247393e-06,6.481786644926695,186,5.0,gauss0.35arcmin,838,408,10
409,25.06533333333334,4.384,4.280035231070382e-06,6.463699660569568,242,5.0,gauss0.4arcmin,1169,409,10
410,24.92466666666668,6.611333333333334,4.517208433583724e-06,6.438914405481484,134,5.0,gauss0.3arcmin,472,410,10
411,27.214666666666666,7.474666666666669,4.28998853019754e-06,6.433869233007546,201,5.0,gauss0.35arcmin,840,411,10
412,25.433333333333344,5.106000000000001,4.622397208112621e-06,6.427717751279878,147,5.0,gauss0.3arcmin,474,412,10
413,24.67466666666667,5.846000000000001,5.070311168010169e-06,6.415140318687577,89,5.0,gauss0.25arcmin,68,413,10
414,26.262000000000015,4.986000000000001,5.355721996367182e-06,6.413651264594168,109,5.0,gauss0.25arcmin,69,414,10
415,26.105333333333324,6.460000000000002,5.080150871326339e-06,6.406273367187948,104,5.0,gauss0.25arcmin,70,415,10
416,26.077333333333346,7.604000000000002,4.315785094582289e-06,6.4061048474673905,132,5.0,gauss0.3arcmin,476,416,10
417,26.49666666666668,4.61,5.379025385645488e-06,6.405506095799653,156,5.0,gauss0.25arcmin,71,417,10
418,27.110666666666685,7.264666666666668,5.166271032742634e-06,6.401544408864115,105,5.0,gauss0.25arcmin,72,418,10
419,24.677333333333333,5.884,5.057512271357214e-06,6.399972887456626,103,5.0,gauss0.25arcmin,73,419,10
420,25.72333333333333,6.979333333333334,3.4821154216339813e-06,6.398735865276481,393,5.0,gauss0.55arcmin,1951,420,10
421,26.34333333333334,6.370000000000001,5.075840642854786e-06,6.397211106620808,98,5.0,gauss0.25arcmin,74,421,10
422,26.438000000000013,6.947333333333334,3.305735763351024e-06,6.395739229584373,1306,5.0,gauss0.75arcmin,2512,422,10
423,26.55866666666667,4.844666666666667,4.803300531561265e-06,6.389738584071741,129,5.0,gauss0.3arcmin,478,423,10
424,24.583333333333346,6.5566666666666675,4.4751399049269756e-06,6.379342259222883,144,5.0,gauss0.3arcmin,479,424,10
425,27.498666666666665,5.769333333333334,4.2621926256744265e-06,6.377383782646902,179,5.0,gauss0.35arcmin,846,425,10
426,24.65866666666666,7.415333333333334,4.098442867995672e-06,6.37547675781782,166,5.0,gauss0.35arcmin,847,426,10
427,25.402666666666683,4.994666666666668,4.342395419863168e-06,6.366718075199421,168,5.0,gauss0.35arcmin,850,427,10
428,26.365333333333332,4.914666666666667,4.25549834486063e-06,6.364817465772793,294,5.0,gauss0.4arcmin,1180,428,10
429,24.77666666666666,4.541333333333334,5.3295163534079115e-06,6.361796573387926,104,5.0,gauss0.25arcmin,79,429,10
430,25.457333333333334,4.837333333333334,5.2354245925586844e-06,6.3610899520388084,127,5.0,gauss0.25arcmin,80,430,10
431,24.845333333333325,4.528000000000001,4.457397986532676e-06,6.348298046147229,172,5.0,gauss0.35arcmin,853,431,10
432,27.341333333333335,5.864666666666667,5.152593961116841e-06,6.34686269478144,78,5.0,gauss0.25arcmin,82,432,10
433,27.24666666666666,5.034666666666667,3.722075297451837e-06,6.345673191881273,712,5.0,gauss0.75arcmin,2515,433,10
434,26.309333333333353,5.19,5.189559449522266e-06,6.344131715491409,98,5.0,gauss0.25arcmin,83,434,10
435,25.83666666666667,6.058666666666667,3.709013141634251e-06,6.33550288492824,427,5.0,gauss0.55arcmin,1957,435,10
436,27.422666666666686,6.634666666666669,4.17518516186107e-06,6.334775519057594,182,5.0,gauss0.35arcmin,855,436,10
437,25.479999999999993,4.8500000000000005,5.209801581043802e-06,6.329935836632783,78,5.0,gauss0.25arcmin,85,437,10
438,25.959333333333323,4.859333333333334,4.722965865155099e-06,6.321897015496599,133,5.0,gauss0.3arcmin,489,438,10
439,25.188000000000017,5.259333333333334,4.458296739078471e-06,6.316117507632839,128,5.0,gauss0.3arcmin,491,439,10
440,24.53,4.772666666666668,5.26952542480924e-06,6.293764664194173,93,5.0,gauss0.25arcmin,86,440,10
441,24.768000000000015,5.6000000000000005,5.034128982017692e-06,6.286934143172334,82,5.0,gauss0.25arcmin,89,441,10
442,24.775999999999996,7.46,3.442636549014431e-06,6.285383589559553,615,5.0,gauss0.7arcmin,2407,442,10
443,25.52333333333334,4.838666666666668,5.148222602754657e-06,6.254777396737802,308,5.0,gauss0.25arcmin,93,443,10
444,24.404,5.510666666666667,4.443484497149496e-06,6.251107597032959,129,5.0,gauss0.3arcmin,498,444,10
445,26.252000000000017,5.4333333333333345,5.0683419684977335e-06,6.24362349248561,79,5.0,gauss0.25arcmin,96,445,10
446,25.956,7.086666666666668,4.211957548816314e-06,6.223160777209168,124,5.0,gauss0.3arcmin,502,446,10
447,26.628666666666668,4.507333333333334,5.206915317494222e-06,6.221078304169744,84,5.0,gauss0.25arcmin,97,447,10
448,27.056666666666672,5.372000000000001,3.7771032406333466e-06,6.217764850900632,312,5.0,gauss0.5arcmin,1749,448,10
449,25.46666666666667,6.464666666666668,4.014599371861481e-06,6.217164411190971,156,5.0,gauss0.35arcmin,867,449,10
450,26.58733333333334,4.550666666666667,5.2132501536254945e-06,6.2106918274305185,85,5.0,gauss0.25arcmin,99,450,10
451,27.371999999999996,5.982666666666668,4.482439333587583e-06,6.199194245349122,111,5.0,gauss0.3arcmin,504,451,10
452,26.672000000000015,7.608000000000001,3.888284322876573e-06,6.196142700733408,155,5.0,gauss0.35arcmin,870,452,10
453,26.40533333333333,6.182,4.467626601560885e-06,6.1947331030550545,127,5.0,gauss0.3arcmin,505,453,10
454,26.526666666666678,5.290000000000001,4.524136041217107e-06,6.189121474689785,116,5.0,gauss0.3arcmin,506,454,10
455,25.718000000000007,5.405333333333334,4.417855805986586e-06,6.189085413005017,135,5.0,gauss0.3arcmin,507,455,10
456,26.238666666666667,5.021333333333334,5.152959392167794e-06,6.1889936908261145,80,5.0,gauss0.25arcmin,103,456,10
457,24.671333333333347,5.812666666666668,4.889090380996596e-06,6.183121428695156,84,5.0,gauss0.25arcmin,105,457,10
458,25.680000000000007,6.7553333333333345,4.319852948074882e-06,6.167393095670442,113,5.0,gauss0.3arcmin,511,458,10
459,26.654666666666675,4.655333333333334,5.175536830575481e-06,6.163047841453776,80,5.0,gauss0.25arcmin,108,459,10
460,25.690000000000005,7.39,4.738918067066955e-06,6.15951041345321,84,5.0,gauss0.25arcmin,109,460,10
461,25.61866666666668,4.663333333333334,5.071798481610456e-06,6.15246935485673,76,5.0,gauss0.25arcmin,110,461,10
462,25.304666666666684,4.466666666666668,4.503196836751041e-06,6.145894117359551,104,5.0,gauss0.3arcmin,513,462,10
463,26.60733333333334,4.807333333333334,4.11265480803547e-06,6.144409049042508,210,5.0,gauss0.4arcmin,1202,463,10
464,27.441333333333354,7.403333333333335,3.894587295054838e-06,6.137506761526803,193,5.0,gauss0.4arcmin,1203,464,10
465,24.64533333333334,5.520000000000001,4.378356865784967e-06,6.130745542676083,120,5.0,gauss0.3arcmin,517,465,10
466,24.534000000000017,4.496666666666667,4.285977798530005e-06,6.1293960633644025,168,5.0,gauss0.35arcmin,881,466,10
467,24.466000000000015,7.508000000000001,4.73731613299404e-06,6.127359514197376,88,5.0,gauss0.25arcmin,115,467,10
468,25.274666666666686,4.476000000000002,3.6533662209181514e-06,6.1270524573654015,626,5.0,gauss0.75arcmin,2523,468,10
469,26.141333333333332,6.2700000000000005,4.929591937499715e-06,6.12576853449351,80,5.0,gauss0.25arcmin,116,469,10
470,25.037333333333336,4.4686666666666675,4.261699210003748e-06,6.117679707359775,191,5.0,gauss0.35arcmin,882,470,10
471,27.318666666666676,4.835333333333334,4.485594783362109e-06,6.114467684488877,114,5.0,gauss0.3arcmin,521,471,10
472,26.341333333333345,5.458666666666668,4.11601075361494e-06,6.112983856281127,145,5.0,gauss0.35arcmin,884,472,10
473,27.224,6.696666666666667,3.4801426925304487e-06,6.094758560160612,386,5.0,gauss0.6arcmin,2146,473,10
474,27.566666666666666,7.568666666666668,4.868132496280483e-06,6.087007163648267,96,5.0,gauss0.25arcmin,121,474,10
475,25.424666666666678,6.994000000000001,4.1722327700861565e-06,6.086154493380369,103,5.0,gauss0.3arcmin,525,475,10
476,25.88066666666666,4.816000000000001,4.546007398019761e-06,6.085308305751444,109,5.0,gauss0.3arcmin,526,476,10
477,26.540666666666667,4.736666666666667,5.106501785950423e-06,6.080826507589498,53,5.0,gauss0.25arcmin,122,477,10
478,26.91666666666668,5.832000000000001,3.864287158130481e-06,6.073500006234491,193,5.0,gauss0.4arcmin,1212,478,10
479,24.665333333333336,5.505333333333334,4.864340977404998e-06,6.069278308954989,51,5.0,gauss0.25arcmin,124,479,10
480,25.348000000000006,5.216000000000001,3.7628009651253564e-06,6.0663143724676605,201,5.0,gauss0.4arcmin,1213,480,10
481,24.968666666666667,5.578,4.8521360972237265e-06,6.0585061633811765,78,5.0,gauss0.25arcmin,126,481,10
482,24.646000000000004,6.366666666666667,4.252665202041109e-06,6.05808510828307,116,5.0,gauss0.3arcmin,529,482,10
483,25.638000000000012,5.303333333333334,4.815612470620165e-06,6.055408066139176,78,5.0,gauss0.25arcmin,128,483,10
484,25.896,5.245333333333334,4.8948498743040175e-06,6.051693031698615,78,5.0,gauss0.25arcmin,129,484,10
485,26.799333333333347,5.040000000000002,3.688290828871564e-06,6.051386757884164,665,5.0,gauss0.75arcmin,2526,485,10
486,24.570666666666664,6.920000000000002,3.904956991891216e-06,6.049649996515439,130,5.0,gauss0.35arcmin,891,486,10
487,26.282000000000014,4.481333333333334,3.902566758705409e-06,6.049321173303884,238,5.0,gauss0.45arcmin,1507,487,10
488,26.878000000000014,6.5440000000000005,3.933901350126592e-06,6.043609337527785,139,5.0,gauss0.35arcmin,894,488,10
489,25.614666666666665,5.655333333333334,3.939072179013702e-06,6.032857989955452,128,5.0,gauss0.35arcmin,896,489,10
490,25.258666666666677,6.164000000000001,4.752214746205838e-06,6.032493793712141,78,5.0,gauss0.25arcmin,132,490,10
491,25.099333333333327,5.706666666666667,4.254989179875886e-06,6.027283762812579,110,5.0,gauss0.3arcmin,535,491,10
492,26.921333333333333,7.246666666666668,3.934632254342873e-06,6.017757274937227,132,5.0,gauss0.35arcmin,901,492,10
493,25.106,5.877333333333334,3.55383448854521e-06,6.010069887609914,211,5.0,gauss0.45arcmin,1512,493,10
494,24.991333333333326,7.178666666666667,3.6592901597614558e-06,6.008324141602358,187,5.0,gauss0.4arcmin,1224,494,10
495,26.310666666666684,4.764666666666668,4.50368147660927e-06,6.00726231893696,102,5.0,gauss0.3arcmin,541,495,10
496,27.13733333333333,4.370000000000001,4.386742373441638e-06,6.006062719065807,109,5.0,gauss0.3arcmin,542,496,10
497,25.658666666666676,5.498000000000001,4.253590891205519e-06,6.001493291447062,101,5.0,gauss0.3arcmin,544,497,10
498,25.573333333333338,7.006666666666668,4.110345572573534e-06,6.000645048436399,94,5.0,gauss0.3arcmin,545,498,10
499,27.449999999999996,7.158666666666668,4.3137792275410375e-06,5.995459061617013,104,5.0,gauss0.3arcmin,546,499,10
500,27.330000000000005,6.523333333333334,4.7931148868309765e-06,5.990053862593103,77,5.0,gauss0.25arcmin,139,500,10
501,25.058,4.632666666666667,4.9863666223092454e-06,5.977126974712543,60,5.0,gauss0.25arcmin,141,501,10
502,25.111333333333345,4.667333333333334,4.956405260229227e-06,5.9742547906488435,77,5.0,gauss0.25arcmin,143,502,10
503,27.122666666666678,6.0373333333333346,4.845455632185888e-06,5.969130054748623,63,5.0,gauss0.25arcmin,147,503,10
504,25.99133333333334,7.424000000000002,4.555489486665562e-06,5.946936248723356,63,5.0,gauss0.25arcmin,149,504,10
505,26.419333333333345,6.031333333333334,3.62766473075577e-06,5.945116962174702,184,5.0,gauss0.45arcmin,1522,505,10
506,24.461333333333336,5.548000000000001,3.908998322659317e-06,5.9445070439179055,131,5.0,gauss0.35arcmin,914,506,10
507,26.71000000000002,7.564000000000001,3.2720917654199527e-06,5.944002176487788,251,5.0,gauss0.5arcmin,1766,507,10
508,25.55666666666666,6.736000000000001,4.6644978795938705e-06,5.942385355047883,78,5.0,gauss0.25arcmin,150,508,10
509,24.565333333333342,4.7426666666666675,3.6754441344284477e-06,5.9415278855518645,462,5.0,gauss0.65arcmin,2301,509,10
510,25.904000000000007,6.414666666666668,4.705749628774286e-06,5.929649529733303,57,5.0,gauss0.25arcmin,152,510,10
511,24.95733333333334,4.7266666666666675,3.648159987321854e-06,5.926124602904089,615,5.0,gauss0.75arcmin,2532,511,10
512,24.917333333333342,4.789333333333334,4.965896546460306e-06,5.923917721282599,77,5.0,gauss0.25arcmin,153,512,10
513,25.77266666666666,7.515333333333334,4.521477198290924e-06,5.9223282170902944,68,5.0,gauss0.25arcmin,154,513,10
514,26.66933333333333,5.619333333333334,3.4642448495320283e-06,5.918456715761629,435,5.0,gauss0.65arcmin,2303,514,10
515,26.708666666666662,5.300000000000001,4.3255260569494485e-06,5.917488136119731,83,5.0,gauss0.3arcmin,556,515,10
516,25.826000000000008,5.686666666666667,4.779401029386395e-06,5.9093520163506605,69,5.0,gauss0.25arcmin,157,516,10
517,24.627333333333336,5.678000000000001,4.705641825866159e-06,5.9021071522076465,67,5.0,gauss0.25arcmin,159,517,10
518,26.984000000000016,6.392666666666668,4.712050665067379e-06,5.8894044678870765,75,5.0,gauss0.25arcmin,161,518,10
519,26.29133333333335,7.59,3.983698032689999e-06,5.885273195430393,89,5.0,gauss0.3arcmin,563,519,10
520,24.917333333333342,7.544666666666667,4.067378030112487e-06,5.881104941953772,95,5.0,gauss0.3arcmin,564,520,10
521,26.16133333333333,6.446666666666667,4.661655080998879e-06,5.8782461536171144,59,5.0,gauss0.25arcmin,164,521,10
522,24.39733333333335,5.9493333333333345,4.611722137952506e-06,5.863550743585919,63,5.0,gauss0.25arcmin,166,522,10
523,26.273333333333344,6.504666666666669,4.638181351564647e-06,5.858841157928879,67,5.0,gauss0.25arcmin,167,523,10
524,24.77133333333334,7.136666666666668,4.566002964189641e-06,5.851578413445457,69,5.0,gauss0.25arcmin,168,524,10
525,24.890666666666668,5.2860000000000005,4.1777096917826995e-06,5.848733800347786,87,5.0,gauss0.3arcmin,572,525,10
526,27.337333333333344,6.371333333333334,4.17409187670308e-06,5.84825187501369,89,5.0,gauss0.3arcmin,573,526,10
527,25.70066666666667,5.736666666666667,4.163965871007158e-06,5.847494673230055,90,5.0,gauss0.3arcmin,574,527,10
528,27.25133333333334,6.504666666666669,4.1593013968066995e-06,5.839994054297882,85,5.0,gauss0.3arcmin,576,528,10
529,25.487333333333332,5.702666666666667,3.7903703740025357e-06,5.827132655436494,115,5.0,gauss0.35arcmin,937,529,10
530,24.751333333333342,7.311333333333335,4.5287560695978345e-06,5.803852844090291,60,5.0,gauss0.25arcmin,173,530,10
531,26.795999999999996,5.819333333333334,3.545623955761684e-06,5.802878771297807,176,5.0,gauss0.45arcmin,1539,531,10
532,27.478,5.857333333333334,4.700643822416288e-06,5.800902350661478,73,5.0,gauss0.25arcmin,174,532,10
533,25.687333333333346,7.0600000000000005,4.459769164769254e-06,5.794748798352331,61,5.0,gauss0.25arcmin,175,533,10
534,27.39466666666668,6.8740000000000006,4.637599121520966e-06,5.778453246083429,63,5.0,gauss0.25arcmin,178,534,10
535,25.432000000000016,6.228000000000001,4.547665025612586e-06,5.775536967512301,64,5.0,gauss0.25arcmin,179,535,10
536,26.82533333333333,7.426666666666668,3.975470803990342e-06,5.773292276357013,80,5.0,gauss0.3arcmin,587,536,10
537,25.31466666666668,4.599333333333335,4.241420669879422e-06,5.763438149926002,108,5.0,gauss0.3arcmin,589,537,10
538,25.261333333333337,7.522000000000001,3.0545568562130997e-06,5.755796681644667,438,5.0,gauss0.75arcmin,2540,538,10
539,26.214000000000013,7.054000000000001,4.411735380364756e-06,5.751772633415786,49,5.0,gauss0.25arcmin,184,539,10
540,27.33533333333335,5.0360000000000005,3.3700236663728508e-06,5.745247341132784,517,5.0,gauss0.75arcmin,2541,540,10
541,25.87133333333335,6.078000000000001,3.293337291191506e-06,5.740905004241063,484,5.0,gauss0.75arcmin,2542,541,10
542,26.508666666666674,5.9766666666666675,4.662562031443511e-06,5.736115214567235,62,5.0,gauss0.25arcmin,187,542,10
543,26.012000000000004,7.210000000000002,3.5713682724035433e-06,5.733280597457077,108,5.0,gauss0.35arcmin,954,543,10
544,27.302000000000003,6.289333333333334,4.115781705450093e-06,5.729853106994508,81,5.0,gauss0.3arcmin,596,544,10
545,25.509333333333352,4.698666666666667,4.2157527552338905e-06,5.728282435948391,78,5.0,gauss0.3arcmin,597,545,10
546,26.502,4.414000000000001,4.788001988722518e-06,5.7267450733308305,54,5.0,gauss0.25arcmin,189,546,10
547,27.24000000000001,5.165333333333334,4.71496895111634e-06,5.723371600905035,62,5.0,gauss0.25arcmin,190,547,10
548,27.498,4.612000000000002,3.872146902851041e-06,5.71876756559826,101,5.0,gauss0.35arcmin,958,548,10
549,26.475333333333353,6.114666666666667,4.64585080539578e-06,5.716069952165026,64,5.0,gauss0.25arcmin,192,549,10
550,26.478000000000012,7.527333333333335,4.394434456561734e-06,5.71463270177631,58,5.0,gauss0.25arcmin,193,550,10
551,27.04200000000002,4.847333333333334,4.698406987408972e-06,5.707046352343151,54,5.0,gauss0.25arcmin,194,551,10
552,26.787999999999993,6.217333333333334,3.591544163659739e-06,5.697099984659831,130,5.0,gauss0.4arcmin,1264,552,10
553,27.192666666666675,7.427333333333334,4.099370259391465e-06,5.695418000047662,73,5.0,gauss0.3arcmin,602,553,10
554,24.706666666666663,7.277333333333335,4.4437798614898385e-06,5.694950848153573,54,5.0,gauss0.25arcmin,196,554,10
555,25.904000000000007,7.272666666666667,3.3512773193439593e-06,5.693395752150687,119,5.0,gauss0.4arcmin,1266,555,10
556,26.346666666666664,5.179333333333334,4.671154594890941e-06,5.688392562671389,42,5.0,gauss0.25arcmin,198,556,10
557,26.470666666666673,5.775333333333334,3.277161978319271e-06,5.686661598489733,482,5.0,gauss0.75arcmin,2543,557,10
558,27.385333333333346,4.420666666666667,3.848525329094126e-06,5.6836173579953115,87,5.0,gauss0.35arcmin,965,558,10
559,25.642666666666667,6.518666666666668,3.479322826074479e-06,5.67977937743084,126,5.0,gauss0.4arcmin,1268,559,10
560,24.936666666666675,6.885333333333334,4.447537158034173e-06,5.675842139676935,52,5.0,gauss0.25arcmin,201,560,10
561,24.592000000000017,5.566000000000001,4.5474174888131734e-06,5.675786959778985,47,5.0,gauss0.25arcmin,202,561,10
562,24.56133333333333,4.510000000000001,4.261429301654477e-06,5.675153026323198,79,5.0,gauss0.3arcmin,606,562,10
563,27.40133333333333,5.555333333333334,4.6722189598707175e-06,5.671851037292242,44,5.0,gauss0.25arcmin,204,563,10
564,25.50333333333334,4.850666666666667,4.66782887029465e-06,5.671343028356703,53,5.0,gauss0.25arcmin,205,564,10
565,26.019333333333346,6.752666666666667,3.986150979226507e-06,5.661157812440428,65,5.0,gauss0.3arcmin,609,565,10
566,26.18466666666668,6.840000000000001,4.459258428991496e-06,5.660188965368337,46,5.0,gauss0.25arcmin,208,566,10
567,25.658000000000012,4.6000000000000005,3.701854083588424e-06,5.653764487370357,121,5.0,gauss0.4arcmin,1272,567,10
568,27.411333333333328,6.066666666666667,3.607419740998695e-06,5.649751134005107,115,5.0,gauss0.4arcmin,1273,568,10
569,25.967333333333354,6.246000000000001,4.556891242036815e-06,5.648063904557393,43,5.0,gauss0.25arcmin,212,569,10
570,25.12466666666667,4.392666666666667,4.170097039739257e-06,5.644102317898943,78,5.0,gauss0.3arcmin,612,570,10
571,25.159333333333347,4.606666666666667,4.650357479661544e-06,5.630803935757524,44,5.0,gauss0.25arcmin,216,571,10
572,25.27666666666668,4.797333333333334,3.376106112874515e-06,5.6290338131072994,322,5.0,gauss0.7arcmin,2442,572,10
573,27.200666666666677,5.970666666666667,4.069320821531574e-06,5.627820091290434,76,5.0,gauss0.3arcmin,616,573,10
574,25.947999999999993,4.692666666666668,4.692533478098811e-06,5.622417636679551,45,5.0,gauss0.25arcmin,217,574,10
575,25.270000000000007,7.256666666666668,3.5533308620549295e-06,5.619898389848389,96,5.0,gauss0.35arcmin,979,575,10
576,25.78600000000001,7.2506666666666675,3.505166863406641e-06,5.618708257603929,86,5.0,gauss0.35arcmin,980,576,10
577,27.40733333333334,6.824666666666667,4.482049456126546e-06,5.59534420603188,40,5.0,gauss0.25arcmin,222,577,10
578,24.529333333333337,7.358666666666669,3.196355516990932e-06,5.586189937672927,157,5.0,gauss0.5arcmin,1804,578,10
579,26.22,4.534666666666667,3.883072661807769e-06,5.581841409973815,86,5.0,gauss0.35arcmin,987,579,10
580,24.705333333333336,7.252666666666666,3.87647651741893e-06,5.579512310220443,66,5.0,gauss0.3arcmin,622,580,10
581,26.072666666666667,6.814000000000001,3.058471789865519e-06,5.577474167023378,369,5.0,gauss0.75arcmin,2549,581,10
582,25.98666666666666,5.94,4.519352139653052e-06,5.575850568185488,45,5.0,gauss0.25arcmin,224,582,10
583,26.737333333333332,7.5086666666666675,4.28822183664885e-06,5.5744021238356405,35,5.0,gauss0.25arcmin,225,583,10
584,27.420666666666666,4.464,4.563834040615748e-06,5.570549086004997,47,5.0,gauss0.25arcmin,226,584,10
585,25.599333333333345,6.499333333333334,4.3730536396582485e-06,5.5675390207525455,43,5.0,gauss0.25arcmin,227,585,10
586,26.063999999999997,5.026000000000001,4.626370502815009e-06,5.566573609171472,46,5.0,gauss0.25arcmin,228,586,10
587,24.867333333333345,7.076000000000001,4.340685835453773e-06,5.562680476758542,50,5.0,gauss0.25arcmin,230,587,10
588,27.53000000000002,6.040000000000001,3.7110685801373844e-06,5.561896391177866,86,5.0,gauss0.35arcmin,992,588,10
589,27.014666666666677,5.518000000000001,4.58086692386442e-06,5.5602796619734525,50,5.0,gauss0.25arcmin,231,589,10
590,25.843333333333344,6.260666666666667,4.477565155978529e-06,5.560178564065857,40,5.0,gauss0.25arcmin,232,590,10
591,27.56333333333334,6.695333333333334,4.4233404989547084e-06,5.553238472794918,46,5.0,gauss0.25arcmin,234,591,10
592,25.282,7.143333333333334,3.0675956966489858e-06,5.552561157257086,175,5.0,gauss0.55arcmin,2013,592,10
593,25.903333333333343,6.998666666666668,3.056272111254381e-06,5.552145016899615,144,5.0,gauss0.5arcmin,1808,593,10
594,25.17133333333334,6.196666666666667,3.4111993493423357e-06,5.55125255606672,98,5.0,gauss0.4arcmin,1288,594,10
595,27.08666666666667,5.237333333333334,4.065530560213002e-06,5.546120540527664,63,5.0,gauss0.3arcmin,631,595,10
596,25.114000000000004,5.225333333333334,4.420803810742097e-06,5.5459297721308545,44,5.0,gauss0.25arcmin,235,596,10
597,26.48800000000001,5.208000000000001,3.3111636769763424e-06,5.5452190274675885,168,5.0,gauss0.55arcmin,2014,597,10
598,26.18733333333334,4.716666666666668,4.616466368663954e-06,5.52966482228982,47,5.0,gauss0.25arcmin,236,598,10
599,26.532,4.922000000000001,3.5179942744952388e-06,5.529111311505013,151,5.0,gauss0.5arcmin,1815,599,10
600,25.73600000000001,5.971333333333334,4.438073382501634e-06,5.52104499901434,33,5.0,gauss0.25arcmin,238,600,10
601,24.540666666666667,6.346000000000001,3.870656402877443e-06,5.51633169167192,60,5.0,gauss0.3arcmin,636,601,10
602,25.37333333333335,6.752666666666667,3.0913015310436227e-06,5.51412772487694,159,5.0,gauss0.55arcmin,2017,602,10
603,26.127333333333343,6.500000000000001,3.3994534723019164e-06,5.513856341152553,104,5.0,gauss0.4arcmin,1301,603,10
604,27.306666666666683,4.614666666666667,3.2995143725562977e-06,5.511482761341725,174,5.0,gauss0.55arcmin,2018,604,10
605,24.90800000000001,5.784666666666667,4.360731052120916e-06,5.510549368739957,42,5.0,gauss0.25arcmin,240,605,10
606,24.888666666666673,6.884666666666668,3.5655807720290074e-06,5.510356022694441,74,5.0,gauss0.35arcmin,999,606,10
607,26.17333333333335,4.789333333333334,3.833486174081475e-06,5.508207585805173,75,5.0,gauss0.35arcmin,1000,607,10
608,26.946000000000012,6.946666666666668,3.4342030601804085e-06,5.499934670081584,90,5.0,gauss0.4arcmin,1302,608,10
609,24.53133333333333,5.459333333333334,3.0615504293699773e-06,5.497609801566409,290,5.0,gauss0.75arcmin,2556,609,10
610,25.308666666666674,5.378666666666668,4.3544975327861875e-06,5.495714308969832,31,5.0,gauss0.25arcmin,242,610,10
611,27.61466666666667,4.832666666666668,4.011450019977779e-06,5.493189666212218,55,5.0,gauss0.3arcmin,643,611,10
612,25.443333333333346,7.456666666666668,4.237747570829259e-06,5.493150553837245,40,5.0,gauss0.25arcmin,243,612,10
613,24.87466666666666,7.572000000000001,3.327641781972725e-06,5.483664683344632,96,5.0,gauss0.4arcmin,1308,613,10
614,24.592666666666656,6.054000000000001,4.330540399257724e-06,5.480524236336374,32,5.0,gauss0.25arcmin,245,614,10
615,26.128666666666675,6.319333333333335,3.412701983488014e-06,5.479105519184528,85,5.0,gauss0.4arcmin,1310,615,10
616,25.170000000000012,4.580000000000001,3.760375765807321e-06,5.476516148080332,61,5.0,gauss0.35arcmin,1003,616,10
617,27.514666666666674,5.820000000000001,4.418712790323395e-06,5.465435349579968,38,5.0,gauss0.25arcmin,247,617,10
618,26.51466666666666,7.434666666666668,4.213662799932151e-06,5.455849116702717,34,5.0,gauss0.25arcmin,248,618,10
619,26.223333333333347,6.0373333333333346,4.421116916600576e-06,5.452661381164851,40,5.0,gauss0.25arcmin,249,619,10
620,27.26000000000001,7.582666666666667,3.9026608998598575e-06,5.445915886114462,54,5.0,gauss0.3arcmin,653,620,10
621,26.151999999999997,7.062000000000001,2.98650351586601e-06,5.443331181793962,120,5.0,gauss0.5arcmin,1832,621,10
622,24.383333333333336,7.156000000000001,3.7606756515488512e-06,5.438310801867578,46,5.0,gauss0.3arcmin,655,622,10
623,25.49866666666666,6.311333333333335,2.931834749088904e-06,5.433046855991308,283,5.0,gauss0.75arcmin,2563,623,10
624,25.064000000000007,5.400666666666667,3.864520941607892e-06,5.432456762245751,48,5.0,gauss0.3arcmin,656,624,10
625,27.51266666666668,6.354666666666668,4.3386735782124e-06,5.430911108658709,35,5.0,gauss0.25arcmin,253,625,10
626,25.575999999999997,5.984000000000001,3.8124228819554045e-06,5.427838860434086,49,5.0,gauss0.3arcmin,657,626,10
627,27.526000000000003,4.904666666666667,4.4421847497191675e-06,5.422389481664486,37,5.0,gauss0.25arcmin,255,627,10
628,24.735333333333333,5.388000000000001,3.8646042604575105e-06,5.4110920008215135,44,5.0,gauss0.3arcmin,665,628,10
629,24.682666666666677,4.518000000000001,4.524868727290433e-06,5.408806092489472,17,5.0,gauss0.25arcmin,256,629,10
630,26.61866666666667,6.527333333333334,4.266206945524828e-06,5.4047907940873925,24,5.0,gauss0.25arcmin,257,630,10
631,24.910666666666668,6.217333333333334,3.5156004015506747e-06,5.401374367708979,62,5.0,gauss0.35arcmin,1015,631,10
632,25.442000000000014,6.963333333333334,2.9888774343159657e-06,5.3966640436376405,123,5.0,gauss0.55arcmin,2036,632,10
633,26.639333333333333,6.408000000000001,3.782340498236077e-06,5.395127096360084,45,5.0,gauss0.3arcmin,670,633,10
634,25.00266666666668,7.053333333333335,2.9442900402742466e-06,5.394649750241229,450,5.0,gauss0.75arcmin,2564,634,10
635,27.457333333333338,6.470000000000001,4.313622268371743e-06,5.3943300265972285,27,5.0,gauss0.25arcmin,259,635,10
636,24.66133333333335,6.0293333333333345,3.508652203800033e-06,5.389765701386735,51,5.0,gauss0.35arcmin,1021,636,10
637,24.55866666666667,5.745333333333334,4.269477495257535e-06,5.385706698839046,30,5.0,gauss0.25arcmin,260,637,10
638,25.526666666666664,4.530666666666667,4.426583386981462e-06,5.384296435068119,31,5.0,gauss0.25arcmin,261,638,10
639,25.324666666666683,6.093333333333334,3.3073086457854113e-06,5.383072659545286,80,5.0,gauss0.4arcmin,1338,639,10
640,24.97600000000001,4.557333333333334,4.508315680614852e-06,5.3826303684265415,30,5.0,gauss0.25arcmin,262,640,10
641,25.600000000000012,6.555333333333334,4.226236865100218e-06,5.380583609265847,21,5.0,gauss0.25arcmin,264,641,10
642,27.429333333333332,6.507333333333334,3.542929840765943e-06,5.375691026971491,58,5.0,gauss0.35arcmin,1026,642,10
643,26.83600000000002,4.5166666666666675,4.487983053641577e-06,5.374573218690948,26,5.0,gauss0.25arcmin,267,643,10
644,25.759333333333334,6.847333333333334,3.464110774391787e-06,5.37374215888975,51,5.0,gauss0.35arcmin,1027,644,10
645,26.518666666666675,5.313333333333334,4.416315742087524e-06,5.371241857718845,29,5.0,gauss0.25arcmin,269,645,10
646,26.900000000000006,6.813333333333334,3.788784712637883e-06,5.369012954691561,41,5.0,gauss0.3arcmin,677,646,10
647,27.07266666666668,5.551333333333334,3.6379055015423754e-06,5.368552415448344,55,5.0,gauss0.35arcmin,1029,647,10
648,27.444666666666677,7.580000000000001,4.309125267483309e-06,5.365531550205425,28,5.0,gauss0.25arcmin,270,648,10
649,26.056666666666683,6.678000000000001,4.251700778132328e-06,5.362569779087876,23,5.0,gauss0.25arcmin,271,649,10
650,27.391999999999996,4.866666666666667,3.932501205762257e-06,5.360634862460265,39,5.0,gauss0.3arcmin,678,650,10
651,26.00733333333335,5.695333333333334,3.863215011360418e-06,5.359480512718978,41,5.0,gauss0.3arcmin,679,651,10
652,24.351333333333343,6.203333333333334,4.211077268137223e-06,5.3562892980020145,25,5.0,gauss0.25arcmin,274,652,10
653,25.746000000000013,5.026000000000001,4.434038510567011e-06,5.3543861034129225,33,5.0,gauss0.25arcmin,275,653,10
654,25.31466666666668,6.744000000000001,4.201574596781141e-06,5.35375630532689,28,5.0,gauss0.25arcmin,277,654,10
655,25.447333333333336,4.425333333333334,4.384695754402676e-06,5.350941763121783,24,5.0,gauss0.25arcmin,279,655,10
656,26.690666666666658,5.852,3.5688409417397497e-06,5.350795642107878,47,5.0,gauss0.35arcmin,1033,656,10
657,25.852666666666682,6.744666666666667,4.22943282859136e-06,5.3367981021941535,22,5.0,gauss0.25arcmin,280,657,10
658,25.185333333333332,4.630666666666667,3.2019849820555585e-06,5.331866458067579,223,5.0,gauss0.75arcmin,2568,658,10
659,24.847333333333346,6.613333333333334,3.2885971360756108e-06,5.33178094861847,64,5.0,gauss0.4arcmin,1343,659,10
660,24.498000000000008,7.192666666666668,4.137598355377937e-06,5.327519893583782,30,5.0,gauss0.25arcmin,284,660,10
661,25.504000000000005,5.170000000000001,3.3194880237895757e-06,5.322545418862941,58,5.0,gauss0.4arcmin,1348,661,10
662,25.93200000000001,6.1753333333333345,4.309521466629606e-06,5.320607384579043,29,5.0,gauss0.25arcmin,285,662,10
663,26.22400000000001,4.634666666666667,4.4434235433499e-06,5.3196926208185875,31,5.0,gauss0.25arcmin,286,663,10
664,25.79600000000001,7.6206666666666685,4.054301028029676e-06,5.312955889001561,20,5.0,gauss0.25arcmin,289,664,10
665,27.14200000000001,6.2233333333333345,4.300967217759577e-06,5.307920438329137,20,5.0,gauss0.25arcmin,291,665,10
666,26.092666666666666,4.568666666666667,3.4326937108642574e-06,5.305857277109623,76,5.0,gauss0.45arcmin,1618,666,10
667,27.318000000000012,7.218666666666668,4.27964902272784e-06,5.302741443890842,20,5.0,gauss0.25arcmin,294,667,10
668,27.377333333333343,5.726000000000001,4.3221344679313156e-06,5.296873745557552,20,5.0,gauss0.25arcmin,295,668,10
669,25.418666666666667,7.398666666666668,3.624480493581461e-06,5.295730018942124,36,5.0,gauss0.3arcmin,690,669,10
670,25.61866666666668,5.161333333333334,3.7688484247346792e-06,5.294296033536037,36,5.0,gauss0.3arcmin,691,670,10
671,25.739333333333338,6.1160000000000005,3.79106534606056e-06,5.2918997345605785,34,5.0,gauss0.3arcmin,692,671,10
672,27.435333333333343,6.222666666666668,3.816360216172767e-06,5.289098283020658,35,5.0,gauss0.3arcmin,693,672,10
673,27.546000000000003,6.280000000000001,4.248295498463965e-06,5.286412224369265,16,5.0,gauss0.25arcmin,298,673,10
674,27.24000000000001,4.931333333333334,4.339397596190414e-06,5.272744637618373,23,5.0,gauss0.25arcmin,300,674,10
675,27.351999999999997,7.321333333333334,4.250095027278517e-06,5.266130127423755,20,5.0,gauss0.25arcmin,301,675,10
676,25.726000000000013,4.5486666666666675,4.3692833904404655e-06,5.263017268809523,21,5.0,gauss0.25arcmin,302,676,10
677,25.03133333333335,4.415333333333334,4.369760088800333e-06,5.25020677230602,19,5.0,gauss0.25arcmin,303,677,10
678,26.89333333333333,5.522000000000001,3.5463089551651712e-06,5.241394581061084,38,5.0,gauss0.35arcmin,1054,678,10
679,26.736666666666665,5.142666666666667,3.856722142857804e-06,5.237909008812894,25,5.0,gauss0.3arcmin,703,679,10
680,26.312000000000012,4.859333333333334,4.3869124595129605e-06,5.237695313204401,21,5.0,gauss0.25arcmin,307,680,10
681,26.02533333333333,4.796,4.371314012994206e-06,5.237536360239472,21,5.0,gauss0.25arcmin,308,681,10
682,26.75466666666667,5.469333333333334,3.2426836970320334e-06,5.236794768794099,48,5.0,gauss0.45arcmin,1632,682,10
683,25.84266666666668,4.713333333333334,3.642824172391891e-06,5.236704111690915,36,5.0,gauss0.35arcmin,1055,683,10
684,25.134666666666668,7.020666666666668,3.3271438366356517e-06,5.232748976459729,33,5.0,gauss0.35arcmin,1057,684,10
685,26.158000000000005,7.531333333333333,3.991344686258425e-06,5.232715215859041,17,5.0,gauss0.25arcmin,311,685,10
686,25.240666666666673,5.464,4.146144751015313e-06,5.231749563296773,18,5.0,gauss0.25arcmin,312,686,10
687,26.517333333333344,6.075333333333334,4.252251469758366e-06,5.231384680127887,20,5.0,gauss0.25arcmin,313,687,10
688,25.703999999999994,5.675333333333335,3.1550987201140455e-06,5.2238226397516145,56,5.0,gauss0.45arcmin,1636,688,10
689,26.480000000000008,7.408,4.032595934488975e-06,5.220661812226291,18,5.0,gauss0.25arcmin,316,689,10
690,26.25933333333333,4.44,3.6216263462682065e-06,5.218809244525094,34,5.0,gauss0.35arcmin,1059,690,10
691,26.872666666666667,6.685333333333334,4.137620360643348e-06,5.217347683008072,20,5.0,gauss0.25arcmin,317,691,10
692,25.92200000000001,6.431333333333334,4.134400715767552e-06,5.211763706167433,19,5.0,gauss0.25arcmin,321,692,10
693,25.671333333333337,5.709333333333334,3.2408758243661395e-06,5.2090588740250485,41,5.0,gauss0.4arcmin,1368,693,10
694,27.254666666666665,6.036666666666667,4.2280684281338046e-06,5.208572029745934,23,5.0,gauss0.25arcmin,322,694,10
695,26.668,6.3066666666666675,3.4134381068162435e-06,5.206846014527739,31,5.0,gauss0.35arcmin,1063,695,10
696,27.37266666666666,7.6173333333333355,3.093599810998787e-06,5.204985320378419,60,5.0,gauss0.5arcmin,1866,696,10
697,25.38333333333335,7.500000000000001,2.7934517574144467e-06,5.199370081586123,91,5.0,gauss0.65arcmin,2362,697,10
698,27.42866666666667,6.792666666666667,3.1399096208874194e-06,5.197752166708006,49,5.0,gauss0.45arcmin,1639,698,10
699,26.061333333333337,4.402666666666668,4.317345720030431e-06,5.195685221772841,17,5.0,gauss0.25arcmin,324,699,10
700,25.287333333333343,5.365333333333334,4.11471735530316e-06,5.192990193149641,13,5.0,gauss0.25arcmin,325,700,10
701,26.782000000000007,5.769333333333334,4.225858268659889e-06,5.19016647520168,13,5.0,gauss0.25arcmin,327,701,10
702,27.28800000000001,4.9,4.267386443388648e-06,5.1852724283255744,15,5.0,gauss0.25arcmin,330,702,10
703,25.242,6.760000000000001,3.1678870199650875e-06,5.180776483733622,38,5.0,gauss0.4arcmin,1378,703,10
704,26.078666666666678,5.175333333333334,3.0874463704250697e-06,5.17297282896398,61,5.0,gauss0.55arcmin,2067,704,10
705,27.39466666666668,6.962666666666667,4.168083588219875e-06,5.172234960806554,14,5.0,gauss0.25arcmin,332,705,10
706,24.766666666666687,4.620666666666668,4.332781733771806e-06,5.168394850365032,12,5.0,gauss0.25arcmin,335,706,10
707,26.795333333333332,6.025333333333335,4.199909748404791e-06,5.1673432238928,17,5.0,gauss0.25arcmin,336,707,10
708,27.172666666666675,5.954000000000001,4.1926805723307544e-06,5.164969235984205,10,5.0,gauss0.25arcmin,337,708,10
709,26.58133333333333,5.838666666666668,4.191399298085474e-06,5.155354165175001,14,5.0,gauss0.25arcmin,338,709,10
710,27.44333333333335,6.296000000000001,3.4258986611948703e-06,5.153796743037872,24,5.0,gauss0.35arcmin,1074,710,10
711,27.58066666666668,4.588666666666668,3.7604239774764934e-06,5.149729802190675,18,5.0,gauss0.3arcmin,723,711,10
712,25.741999999999997,6.651333333333334,3.6189989225004945e-06,5.148801381078936,16,5.0,gauss0.3arcmin,724,712,10
713,26.75866666666666,5.893333333333334,4.179880267045655e-06,5.142296796338925,10,5.0,gauss0.25arcmin,343,713,10
714,27.459999999999997,5.557333333333334,4.219980782940328e-06,5.126972460150543,10,5.0,gauss0.25arcmin,344,714,10
715,26.312000000000012,6.895333333333334,4.00109307806993e-06,5.124031847436211,7,5.0,gauss0.25arcmin,345,715,10
716,24.811333333333337,5.116666666666667,4.18104523554769e-06,5.122562383126607,10,5.0,gauss0.25arcmin,346,716,10
717,27.526666666666667,5.102666666666667,3.461154194115837e-06,5.1216216904625345,21,5.0,gauss0.35arcmin,1083,717,10
718,27.431333333333328,5.724000000000001,4.179042429735989e-06,5.121598334921933,10,5.0,gauss0.25arcmin,347,718,10
719,24.73933333333335,6.097333333333334,2.760637953856149e-06,5.1206859936546865,80,5.0,gauss0.75arcmin,2583,719,10
720,25.545333333333335,4.936000000000001,4.213237052321873e-06,5.119700491688946,12,5.0,gauss0.25arcmin,348,720,10
721,24.710000000000015,5.170666666666667,3.684337079558402e-06,5.1184629315109005,13,5.0,gauss0.3arcmin,733,721,10
722,27.36400000000002,7.435333333333334,2.840244122360039e-06,5.116646616338614,110,5.0,gauss0.75arcmin,2584,722,10
723,25.026000000000007,5.360666666666668,2.852676388251439e-06,5.1164372024794265,77,5.0,gauss0.75arcmin,2586,723,10
724,25.38200000000002,4.984000000000001,4.2042667098810345e-06,5.116120668858031,10,5.0,gauss0.25arcmin,349,724,10
725,26.585333333333345,6.554000000000001,4.037499324098188e-06,5.1150835844674765,11,5.0,gauss0.25arcmin,350,725,10
726,26.23066666666666,7.266,3.922481872726245e-06,5.113511512867276,9,5.0,gauss0.25arcmin,352,726,10
727,24.508666666666674,6.229333333333334,4.022419736525763e-06,5.1110296191157385,7,5.0,gauss0.25arcmin,354,727,10
728,25.05133333333335,7.215333333333335,2.8618986172172682e-06,5.106567598456817,37,5.0,gauss0.55arcmin,2080,728,10
729,26.37066666666668,4.53,3.829339450633223e-06,5.104827928221127,13,5.0,gauss0.3arcmin,736,729,10
730,27.395333333333348,5.3260000000000005,4.205836391084142e-06,5.1044822492579245,7,5.0,gauss0.25arcmin,358,730,10
731,26.619333333333334,7.079333333333334,3.943187632890061e-06,5.10412116988501,9,5.0,gauss0.25arcmin,359,731,10
732,27.33466666666666,7.174666666666668,4.118929981837601e-06,5.103603270437185,7,5.0,gauss0.25arcmin,360,732,10
733,27.13733333333333,4.432666666666667,3.7275038065961036e-06,5.103473088256248,14,5.0,gauss0.3arcmin,738,733,10
734,27.34333333333333,7.4106666666666685,3.236390750786667e-06,5.098701670989159,21,5.0,gauss0.4arcmin,1399,734,10
735,24.811333333333337,4.501333333333334,4.249828338242303e-06,5.091156110504773,7,5.0,gauss0.25arcmin,362,735,10
736,24.832666666666668,7.248666666666668,3.97262217149157e-06,5.091137829384705,11,5.0,gauss0.25arcmin,363,736,10
737,26.013333333333335,7.410000000000002,2.5938983120756943e-06,5.089963482644062,76,5.0,gauss0.75arcmin,2587,737,10
738,27.102000000000015,7.558666666666667,4.088377982280156e-06,5.088986813212391,7,5.0,gauss0.25arcmin,365,738,10
739,26.366666666666664,5.154666666666667,4.192362363371831e-06,5.088408773152588,7,5.0,gauss0.25arcmin,366,739,10
740,24.767333333333326,5.411333333333334,4.075752701472551e-06,5.085221039869305,6,5.0,gauss0.25arcmin,367,740,10
741,26.14866666666667,5.5360000000000005,2.9583738266369476e-06,5.084023523456371,74,5.0,gauss0.75arcmin,2589,741,10
742,24.77866666666668,6.370666666666668,2.7756945909573357e-06,5.082759188734771,65,5.0,gauss0.75arcmin,2590,742,10
743,26.628666666666668,4.653333333333334,4.264437187789305e-06,5.078097309404323,6,5.0,gauss0.25arcmin,368,743,10
744,27.570000000000014,6.100666666666667,3.6522310743783982e-06,5.074236633274844,9,5.0,gauss0.3arcmin,748,744,10
745,26.91933333333334,6.934666666666668,4.030818966780196e-06,5.073809119612051,4,5.0,gauss0.25arcmin,371,745,10
746,26.04733333333335,6.5006666666666675,3.300353879837404e-06,5.068183572744387,10,5.0,gauss0.35arcmin,1095,746,10
747,24.965333333333344,7.206666666666667,3.5190567720382522e-06,5.066768552596472,7,5.0,gauss0.3arcmin,749,747,10
748,25.36333333333335,4.424,3.7122290753620637e-06,5.066521991963264,8,5.0,gauss0.3arcmin,750,748,10
749,27.006666666666675,7.331333333333333,4.078102682342808e-06,5.065001926803912,6,5.0,gauss0.25arcmin,373,749,10
750,26.717333333333332,7.408666666666667,3.906541525484471e-06,5.056590692611024,4,5.0,gauss0.25arcmin,375,750,10
751,26.171999999999997,6.531333333333334,2.872835665536561e-06,5.056059812912569,18,5.0,gauss0.55arcmin,2092,751,10
752,25.32133333333333,5.967333333333334,3.2788918801692247e-06,5.052953730626301,9,5.0,gauss0.35arcmin,1100,752,10
753,25.052666666666678,4.788,3.36680900290583e-06,5.052539155762208,12,5.0,gauss0.4arcmin,1410,753,10
754,26.47666666666668,5.0166666666666675,3.196129037109258e-06,5.049026962551365,16,5.0,gauss0.5arcmin,1903,754,10
755,27.236666666666686,5.346666666666668,4.160183627693064e-06,5.048949191071547,4,5.0,gauss0.25arcmin,377,755,10
756,27.19333333333334,4.843333333333334,3.4331215140068907e-06,5.04780533323936,8,5.0,gauss0.35arcmin,1102,756,10
757,25.726666666666677,6.732666666666668,3.98699874258658e-06,5.046860615895181,5,5.0,gauss0.25arcmin,379,757,10
758,26.02733333333335,5.154000000000001,4.107085012136599e-06,5.046107546015751,4,5.0,gauss0.25arcmin,380,758,10
759,27.00333333333335,5.2620000000000005,4.157127493843316e-06,5.045890586978346,3,5.0,gauss0.25arcmin,381,759,10
760,24.84466666666666,5.073333333333334,4.164615582922982e-06,5.044556188317639,4,5.0,gauss0.25arcmin,382,760,10
761,24.528000000000006,6.362000000000001,3.956726075784425e-06,5.0364585977950345,2,5.0,gauss0.25arcmin,386,761,10
762,25.184,6.6913333333333345,3.950396749952729e-06,5.032254180222251,3,5.0,gauss0.25arcmin,387,762,10
763,25.243999999999996,6.8146666666666675,3.2397266079996384e-06,5.0273639139897295,4,5.0,gauss0.35arcmin,1107,763,10
764,26.22466666666668,7.210666666666668,2.9626941763606807e-06,5.0257420807973645,4,5.0,gauss0.4arcmin,1419,764,10
765,24.483999999999995,5.322000000000001,4.0065078837278414e-06,5.022255809856453,3,5.0,gauss0.25arcmin,390,765,10
766,27.488,6.901333333333334,4.023750285451809e-06,5.021277911515774,1,5.0,gauss0.25arcmin,391,766,10
767,24.471999999999998,5.002000000000001,3.4976557376995495e-06,5.019774103848853,2,5.0,gauss0.35arcmin,1110,767,10
768,27.282000000000004,5.929333333333334,4.068619357353663e-06,5.012121830219074,1,5.0,gauss0.25arcmin,393,768,10
769,24.73733333333333,7.395333333333333,3.0481013433280846e-06,5.000419734492918,1,5.0,gauss0.4arcmin,1425,769,10
770,27.00733333333334,5.505333333333334,4.838375346551135e-06,6.044837153287255,74,5.0,gauss0.25arcmin,0,770,11
771,27.504666666666676,5.808666666666667,3.663609337001645e-06,5.693518431350051,94,5.0,gauss0.35arcmin,78,771,11
772,25.489333333333352,4.830000000000001,3.4147624418073934e-06,5.667929424387461,184,5.0,gauss0.45arcmin,138,772,11
773,27.62533333333333,7.220666666666667,4.4425314423576865e-06,5.6637324376191795,35,5.0,gauss0.25arcmin,1,773,11
774,25.468,6.954666666666667,3.2572592474628648e-06,5.643258909186628,111,5.0,gauss0.4arcmin,109,774,11
775,26.492666666666665,4.623333333333334,4.0784600765661446e-06,5.618670659229248,69,5.0,gauss0.3arcmin,46,775,11
776,25.092666666666677,4.661333333333334,3.704204336300526e-06,5.558710888633553,75,5.0,gauss0.35arcmin,80,776,11
777,25.444666666666674,5.124666666666668,3.8482067843037485e-06,5.536130886577116,58,5.0,gauss0.3arcmin,48,777,11
778,25.29933333333334,7.122666666666667,3.3417858215169303e-06,5.486585252464302,64,5.0,gauss0.35arcmin,84,778,11
779,26.10800000000001,6.131333333333334,2.992198588602227e-06,5.478144927520531,190,5.0,gauss0.6arcmin,207,779,11
780,24.536666666666676,4.748666666666668,3.1168891045225685e-06,5.475081219775411,318,5.0,gauss0.75arcmin,246,780,11
781,26.336666666666666,5.165333333333334,3.358569327149003e-06,5.452615168406623,83,5.0,gauss0.4arcmin,112,781,11
782,25.900666666666655,6.389333333333334,2.845850802310973e-06,5.4174412829015495,175,5.0,gauss0.65arcmin,222,782,11
783,24.945333333333345,4.5360000000000005,3.07207474568063e-06,5.397481337292824,245,5.0,gauss0.75arcmin,247,783,11
784,27.377333333333343,6.079333333333334,2.945908910991537e-06,5.353287844291043,283,5.0,gauss0.75arcmin,249,784,11
785,25.263333333333332,6.179333333333334,4.136881946392591e-06,5.348524354354933,23,5.0,gauss0.25arcmin,4,785,11
786,24.892,6.439333333333334,2.7427396022411917e-06,5.305173114693513,264,5.0,gauss0.75arcmin,251,786,11
787,27.02733333333334,7.327333333333335,4.1586214450330335e-06,5.2827497913995405,20,5.0,gauss0.25arcmin,8,787,11
788,26.10666666666668,6.5053333333333345,2.97917347380883e-06,5.252112732165442,54,5.0,gauss0.45arcmin,144,788,11
789,24.628666666666664,4.424666666666667,2.974658960147893e-06,5.2434262997097925,171,5.0,gauss0.75arcmin,253,789,11
790,26.513999999999996,4.7106666666666674,3.3547617952514706e-06,5.236169262951498,43,5.0,gauss0.4arcmin,117,790,11
791,26.788666666666682,4.990666666666668,3.2290777102214567e-06,5.231806636179784,53,5.0,gauss0.45arcmin,145,791,11
792,26.36333333333334,4.667333333333334,4.240513092959758e-06,5.209226466011441,14,5.0,gauss0.25arcmin,10,792,11
793,25.58133333333334,7.426666666666668,3.447846112064735e-06,5.200171510421889,21,5.0,gauss0.3arcmin,53,793,11
794,26.280666666666683,5.431333333333334,3.166297777954372e-06,5.191638417486289,37,5.0,gauss0.4arcmin,119,794,11
795,27.40466666666668,7.455333333333335,4.079455395451542e-06,5.180565380608906,15,5.0,gauss0.25arcmin,11,795,11
796,24.354666666666667,6.181333333333335,3.5375693865881046e-06,5.17348912717594,19,5.0,gauss0.3arcmin,55,796,11
797,25.575333333333333,5.126666666666667,2.9444709835399698e-06,5.171884718178636,48,5.0,gauss0.5arcmin,176,797,11
798,24.618666666666666,7.547333333333335,2.6266746451477204e-06,5.169679397968551,119,5.0,gauss0.75arcmin,254,798,11
799,25.76,6.990666666666668,3.879465650621293e-06,5.165311265556715,10,5.0,gauss0.25arcmin,12,799,11
800,27.498,5.046666666666668,3.665568929929253e-06,5.154737862679786,20,5.0,gauss0.3arcmin,56,800,11
801,27.139333333333326,5.143333333333335,3.1974151899935527e-06,5.147064197099187,30,5.0,gauss0.4arcmin,120,801,11
802,26.039333333333342,7.122000000000001,2.927738630842938e-06,5.146308874895277,26,5.0,gauss0.4arcmin,121,802,11
803,26.57133333333333,4.615333333333334,3.458892519600901e-06,5.138514293138376,21,5.0,gauss0.35arcmin,90,803,11
804,27.07666666666667,7.2953333333333354,2.919365444827145e-06,5.138325765240766,41,5.0,gauss0.5arcmin,178,804,11
805,24.748666666666683,4.848000000000001,4.16385642507958e-06,5.132724928712062,10,5.0,gauss0.25arcmin,13,805,11
806,27.231333333333342,7.416666666666669,4.036371793942768e-06,5.122866758987872,12,5.0,gauss0.25arcmin,15,806,11
807,24.690000000000015,5.551333333333334,2.8864037623948943e-06,5.118968920466081,34,5.0,gauss0.5arcmin,180,807,11
808,26.002000000000006,7.440000000000001,2.910390230810507e-06,5.117359541397327,21,5.0,gauss0.4arcmin,122,808,11
809,25.296000000000014,6.062000000000001,3.955050510623338e-06,5.111962305159804,11,5.0,gauss0.25arcmin,16,809,11
810,24.53733333333334,6.414000000000001,3.928008054877922e-06,5.108902125173602,10,5.0,gauss0.25arcmin,17,810,11
811,26.58333333333335,4.657333333333334,4.161950335770439e-06,5.107042079078091,8,5.0,gauss0.25arcmin,18,811,11
812,25.76466666666668,6.660000000000001,3.939946228611336e-06,5.106430024361539,8,5.0,gauss0.25arcmin,19,812,11
813,26.647333333333336,6.630666666666667,3.9410775458406984e-06,5.099831921008082,9,5.0,gauss0.25arcmin,20,813,11
814,27.640666666666675,7.673333333333334,3.982016665446504e-06,5.099641588377075,7,5.0,gauss0.25arcmin,21,814,11
815,26.902,6.654666666666668,3.961803287535857e-06,5.098327056948974,6,5.0,gauss0.25arcmin,22,815,11
816,26.061333333333337,6.317333333333335,3.971794749094568e-06,5.094516128200107,9,5.0,gauss0.25arcmin,23,816,11
817,25.569333333333347,6.840000000000001,2.9846686317498916e-06,5.093968987409346,17,5.0,gauss0.4arcmin,123,817,11
818,27.452666666666683,6.775333333333334,3.5270189116016623e-06,5.093055210468913,11,5.0,gauss0.3arcmin,59,818,11
819,25.120000000000015,5.382666666666667,3.96199841422785e-06,5.091664229966682,8,5.0,gauss0.25arcmin,24,819,11
820,25.145999999999997,5.578666666666668,2.7482135916390034e-06,5.091580581713651,35,5.0,gauss0.6arcmin,213,820,11
821,25.162000000000006,5.194000000000001,3.961179910889855e-06,5.09028104937358,8,5.0,gauss0.25arcmin,25,821,11
822,25.65266666666667,7.069333333333335,3.823973491587987e-06,5.08990064225517,8,5.0,gauss0.25arcmin,26,822,11
823,25.101333333333347,7.180000000000001,3.1264954749266353e-06,5.088348808940796,15,5.0,gauss0.35arcmin,94,823,11
824,25.223333333333333,6.348666666666667,3.907797469677096e-06,5.083348724170051,6,5.0,gauss0.25arcmin,27,824,11
825,26.975333333333346,5.276000000000001,3.3194467392914795e-06,5.082799926985128,13,5.0,gauss0.35arcmin,96,825,11
826,27.132000000000012,5.642,3.0200289593886636e-06,5.082202521416257,18,5.0,gauss0.45arcmin,156,826,11
827,26.638,4.579333333333334,4.1409745866599375e-06,5.081789951595371,8,5.0,gauss0.25arcmin,28,827,11
828,26.344000000000005,4.540666666666668,4.1278073224048705e-06,5.077210369156862,7,5.0,gauss0.25arcmin,29,828,11
829,26.577333333333343,6.9766666666666675,2.6641953685829784e-06,5.073934743896307,24,5.0,gauss0.55arcmin,203,829,11
830,27.503333333333345,5.970000000000001,3.982756313080086e-06,5.0707717186027494,4,5.0,gauss0.25arcmin,30,830,11
831,26.604000000000013,6.463333333333334,2.6873820929700333e-06,5.068669655455094,29,5.0,gauss0.6arcmin,216,831,11
832,26.388666666666683,6.4733333333333345,3.9167036863248254e-06,5.0679254200410515,6,5.0,gauss0.25arcmin,31,832,11
833,24.85333333333333,4.544666666666667,3.670947350118093e-06,5.067783197172628,9,5.0,gauss0.3arcmin,64,833,11
834,26.788666666666682,5.402666666666668,2.9816961345352612e-06,5.065143491535965,17,5.0,gauss0.45arcmin,159,834,11
835,24.69933333333335,6.048000000000001,3.2004885821511797e-06,5.058922315213761,7,5.0,gauss0.35arcmin,98,835,11
836,24.521999999999995,6.331333333333334,2.7911121366346693e-06,5.056415112142205,18,5.0,gauss0.5arcmin,183,836,11
837,26.44000000000001,6.688000000000001,3.904176979521147e-06,5.052183731156732,4,5.0,gauss0.25arcmin,32,837,11
838,27.625999999999998,6.898000000000001,3.4977415953326423e-06,5.048610844952545,5,5.0,gauss0.3arcmin,67,838,11
839,25.91866666666666,5.846000000000001,3.0713094044643836e-06,5.046816890117043,8,5.0,gauss0.4arcmin,127,839,11
840,26.719333333333328,5.886666666666668,3.0583091106089373e-06,5.037670109323406,7,5.0,gauss0.4arcmin,128,840,11
841,26.94933333333334,7.296666666666668,3.938276887987254e-06,5.0375423283733936,4,5.0,gauss0.25arcmin,34,841,11
842,25.085333333333338,6.735333333333334,3.8672100282567e-06,5.03314808102892,4,5.0,gauss0.25arcmin,35,842,11
843,26.068000000000012,5.055333333333334,3.334733243641074e-06,5.030807864048434,5,5.0,gauss0.35arcmin,102,843,11
844,24.73200000000001,6.147333333333334,2.871493372464649e-06,5.029292242997739,8,5.0,gauss0.45arcmin,162,844,11
845,26.669999999999995,5.493333333333334,2.957962800012237e-06,5.027755564037811,8,5.0,gauss0.45arcmin,163,845,11
846,24.839333333333343,4.370000000000001,3.195766433401063e-06,5.026648889269277,4,5.0,gauss0.4arcmin,130,846,11
847,24.491999999999997,7.282666666666668,3.8066130923192054e-06,5.026086910630899,1,5.0,gauss0.25arcmin,37,847,11
848,25.388000000000005,5.706666666666667,3.890341047751377e-06,5.025506897403225,2,5.0,gauss0.25arcmin,38,848,11
849,25.627333333333322,6.576666666666668,2.958501127329589e-06,5.023291003946307,5,5.0,gauss0.4arcmin,132,849,11
850,27.49000000000002,5.905333333333334,3.5030295428604465e-06,5.022412247211467,2,5.0,gauss0.3arcmin,72,850,11
851,26.178666666666672,4.974666666666668,4.059764791457529e-06,5.017057231698842,2,5.0,gauss0.25arcmin,39,851,11
852,26.941333333333333,4.809333333333334,3.1684263024442285e-06,5.01531867048599,3,5.0,gauss0.4arcmin,133,852,11
853,24.55333333333335,6.831333333333334,2.972592771930992e-06,5.012974818467763,4,5.0,gauss0.4arcmin,134,853,11
854,26.51533333333335,4.768000000000001,3.3732067423004107e-06,5.011180901500453,3,5.0,gauss0.35arcmin,104,854,11
855,25.940000000000015,6.470666666666667,3.870065086944416e-06,5.009553350150228,1,5.0,gauss0.25arcmin,40,855,11
856,25.888666666666662,6.711333333333334,3.867840445850615e-06,5.007723802225851,2,5.0,gauss0.25arcmin,41,856,11
857,27.567999999999994,7.311333333333335,3.483480992333373e-06,5.0034800814427,2,5.0,gauss0.3arcmin,76,857,11
858,26.310666666666684,7.428666666666667,3.7793074160680042e-06,5.0028278710982,1,5.0,gauss0.25arcmin,44,858,11
859,25.38600000000001,5.153333333333334,3.4594431658215144e-06,5.00260641681107,3,5.0,gauss0.3arcmin,77,859,11
860,27.145333333333337,5.587333333333334,2.9758525489078478e-06,5.001242930159814,1,5.0,gauss0.45arcmin,166,860,11
861,24.712666666666674,5.526666666666667,2.8873549214372015e-06,5.2794646387926125,90,5.0,gauss0.55arcmin,16,861,12
862,26.16866666666667,4.948666666666667,3.249737621395668e-06,5.151784303157204,34,5.0,gauss0.4arcmin,6,862,12
863,24.617333333333335,7.594000000000001,2.6253253144404574e-06,5.125443854083019,61,5.0,gauss0.65arcmin,24,863,12
864,24.591333333333328,5.174666666666667,2.69356766246791e-06,5.045831081061883,23,5.0,gauss0.65arcmin,26,864,12
865,26.664000000000012,5.288666666666668,2.7049175309297466e-06,5.0236214712293865,20,5.0,gauss0.75arcmin,32,865,12
866,26.628666666666668,6.4893333333333345,2.9514273545414977e-06,5.021933793321895,5,5.0,gauss0.4arcmin,7,866,12
867,25.664666666666662,7.0166666666666675,3.75337807658608e-06,5.020773396795533,2,5.0,gauss0.25arcmin,0,867,12
868,24.910666666666668,5.721333333333334,2.7027270429343053e-06,5.017933000085032,8,5.0,gauss0.55arcmin,18,868,12
869,24.942666666666685,6.591333333333334,2.7471567669718435e-06,5.0163373369619215,6,5.0,gauss0.5arcmin,14,869,12
870,26.747999999999994,7.333333333333335,2.5060649135257132e-06,5.016075905449431,7,5.0,gauss0.65arcmin,27,870,12
871,26.74333333333334,6.169333333333334,3.94534489496482e-06,5.013253753270527,1,5.0,gauss0.25arcmin,1,871,12
872,26.24400000000001,5.700000000000001,3.94454700634139e-06,5.0098382543899715,1,5.0,gauss0.25arcmin,2,872,12
873,27.21666666666666,7.0053333333333345,3.927236674537275e-06,5.009325827683356,1,5.0,gauss0.25arcmin,3,873,12
874,25.008000000000003,6.502000000000001,2.570353120053072e-06,5.0411048688439575,53,5.0,gauss0.75arcmin,4,874,13
875,24.57333333333335,6.137333333333334,2.9494374883811497e-06,5.007287290965755,2,5.0,gauss0.4arcmin,2,875,13
876,25.272666666666666,5.748000000000001,3.414039128342654e-06,5.005312786099386,1,5.0,gauss0.3arcmin,1,876,13
877,26.794000000000004,5.5646666666666675,2.7350636110544144e-06,5.002018088495819,1,5.0,gauss0.6arcmin,3,877,13
878,25.540000000000013,5.515333333333334,2.5987601899244313e-06,5.007449417717817,5,5.0,gauss0.75arcmin,1,878,14
879,26.74200000000001,5.203333333333334,3.967647396152171e-06,5.0055245186462445,1,5.0,gauss0.25arcmin,0,879,14
880,26.367333333333328,4.926000000000001,4.026286553889368e-06,4.995309450033014,60,4.0,gauss0.25arcmin,0,880,15
881,26.40533333333333,5.0760000000000005,4.00002209621078e-06,4.994904683032634,102,4.0,gauss0.25arcmin,1,881,15
882,26.21133333333333,6.415333333333334,2.536167591873498e-06,4.994779520684569,625,4.0,gauss0.75arcmin,2623,882,15
883,25.848,5.078,3.977128104943731e-06,4.99412572155221,67,4.0,gauss0.25arcmin,2,883,15
884,26.990000000000002,5.9813333333333345,3.908923610011064e-06,4.99404320347523,98,4.0,gauss0.25arcmin,3,884,15
885,24.84333333333333,7.607333333333335,3.3320903250393097e-06,4.984792028053321,128,4.0,gauss0.3arcmin,574,885,15
886,26.290666666666684,4.806666666666668,2.858386663573804e-06,4.981693177223554,841,4.0,gauss0.75arcmin,2624,886,15
887,25.53733333333333,5.224666666666668,2.963774860226207e-06,4.978683024191393,184,4.0,gauss0.4arcmin,1447,887,15
888,25.535999999999998,7.362666666666668,3.28129189911147e-06,4.978283495862789,113,4.0,gauss0.3arcmin,576,888,15
889,26.898666666666678,4.796,3.285780436968681e-06,4.975258621456464,153,4.0,gauss0.35arcmin,1066,889,15
890,27.433333333333348,4.507333333333334,3.961785734358099e-06,4.974878922931563,68,4.0,gauss0.25arcmin,4,890,15
891,26.113999999999994,4.843333333333334,3.554994249654653e-06,4.974385215075689,131,4.0,gauss0.3arcmin,577,891,15
892,27.39600000000001,6.268666666666667,3.88479935043519e-06,4.974136385837649,76,4.0,gauss0.25arcmin,5,892,15
893,25.122666666666674,4.578666666666667,3.973954632409967e-06,4.972448952107003,81,4.0,gauss0.25arcmin,6,893,15
894,25.930000000000014,4.462000000000001,3.977338422502273e-06,4.972037203214393,75,4.0,gauss0.25arcmin,7,894,15
895,27.40733333333334,6.102000000000001,3.4423086408908555e-06,4.969233223898567,143,4.0,gauss0.3arcmin,579,895,15
896,26.66666666666667,7.3673333333333355,3.7603397494932704e-06,4.96916850256109,104,4.0,gauss0.25arcmin,8,896,15
897,26.116666666666678,4.482666666666668,2.8565267732298277e-06,4.968686137504049,807,4.0,gauss0.75arcmin,2625,897,15
898,25.378000000000004,5.0086666666666675,2.956258065087794e-06,4.966470011052548,246,4.0,gauss0.45arcmin,1741,898,15
899,27.537333333333333,7.559333333333334,3.144712976656588e-06,4.9629162418369805,157,4.0,gauss0.35arcmin,1067,899,15
900,25.945333333333334,5.908,3.904838664546168e-06,4.961356525260959,64,4.0,gauss0.25arcmin,9,900,15
901,25.092666666666677,4.598000000000001,2.7449089688742906e-06,4.95429836177411,757,4.0,gauss0.75arcmin,2626,901,15
902,27.530666666666683,7.149333333333335,3.858985192335566e-06,4.953893408124895,68,4.0,gauss0.25arcmin,11,902,15
903,26.083999999999996,5.0166666666666675,3.528624562029392e-06,4.95241186048388,124,4.0,gauss0.3arcmin,580,903,15
904,26.692000000000014,5.278666666666667,3.918599439856912e-06,4.951448312883816,91,4.0,gauss0.25arcmin,12,904,15
905,24.681333333333345,4.658000000000001,3.5597374959170675e-06,4.9513722570079235,148,4.0,gauss0.3arcmin,581,905,15
906,26.732666666666677,6.372000000000001,3.820046888482199e-06,4.95048166244531,67,4.0,gauss0.25arcmin,13,906,15
907,24.603333333333346,6.145333333333334,3.7989768728393448e-06,4.9494799923301604,87,4.0,gauss0.25arcmin,14,907,15
908,26.446666666666683,5.944666666666667,2.969369358265384e-06,4.948951233941532,214,4.0,gauss0.4arcmin,1449,908,15
909,24.782000000000007,7.600666666666668,2.607194736956172e-06,4.942475555233758,368,4.0,gauss0.55arcmin,2161,909,15
910,24.494666666666685,6.281333333333334,3.339014597414969e-06,4.941660955051453,130,4.0,gauss0.3arcmin,582,910,15
911,26.580000000000002,4.806000000000001,3.9841861789555755e-06,4.939663655545085,89,4.0,gauss0.25arcmin,15,911,15
912,27.275999999999993,6.910000000000001,3.1489323940796033e-06,4.937358756708048,165,4.0,gauss0.35arcmin,1072,912,15
913,25.468,5.350666666666667,3.104202098925255e-06,4.93716860054271,144,4.0,gauss0.35arcmin,1073,913,15
914,27.33666666666668,5.574666666666667,3.906287528564717e-06,4.935734950672238,63,4.0,gauss0.25arcmin,16,914,15
915,26.12399999999999,6.355333333333334,2.7824089142088455e-06,4.935453510784871,244,4.0,gauss0.45arcmin,1742,915,15
916,27.570000000000014,5.478666666666667,3.888595453568839e-06,4.934145056975404,103,4.0,gauss0.25arcmin,17,916,15
917,24.85333333333333,6.446666666666667,2.6295015256993654e-06,4.931926523016205,340,4.0,gauss0.55arcmin,2162,917,15
918,26.814666666666668,6.483333333333334,3.798586707599446e-06,4.931738584711257,68,4.0,gauss0.25arcmin,18,918,15
919,24.731333333333342,6.328666666666668,3.7689997134353452e-06,4.924938822324822,72,4.0,gauss0.25arcmin,19,919,15
920,27.16800000000002,7.402666666666667,2.84981830453973e-06,4.923512036566589,260,4.0,gauss0.45arcmin,1743,920,15
921,27.344666666666658,5.934000000000001,3.846961130009907e-06,4.916883724222525,87,4.0,gauss0.25arcmin,20,921,15
922,26.446666666666683,4.648666666666667,3.963055255865043e-06,4.913737688000414,82,4.0,gauss0.25arcmin,22,922,15
923,25.111333333333345,5.0040000000000004,3.920706855703698e-06,4.912854901199427,68,4.0,gauss0.25arcmin,23,923,15
924,26.408666666666683,7.2346666666666675,3.712254436008806e-06,4.910082169242064,73,4.0,gauss0.25arcmin,24,924,15
925,26.714000000000006,5.418666666666668,3.1489665652211946e-06,4.910058993600493,136,4.0,gauss0.35arcmin,1075,925,15
926,27.381999999999998,4.375333333333334,3.903714204943162e-06,4.906217084000703,87,4.0,gauss0.25arcmin,25,926,15
927,25.974666666666668,6.0166666666666675,2.8355711738761217e-06,4.901479530779093,225,4.0,gauss0.45arcmin,1744,927,15
928,26.985333333333347,5.7826666666666675,3.3980709707921893e-06,4.898709846919403,123,4.0,gauss0.3arcmin,589,928,15
929,24.66133333333335,6.5326666666666675,2.5123244221008515e-06,4.898039525916885,531,4.0,gauss0.7arcmin,2533,929,15
930,25.584000000000003,5.214,3.782540638652444e-06,4.897431677876092,79,4.0,gauss0.25arcmin,27,930,15
931,26.999333333333336,6.895333333333334,3.1149055896883454e-06,4.896387433538771,148,4.0,gauss0.35arcmin,1077,931,15
932,26.866666666666656,7.081333333333334,3.040686907824316e-06,4.893207955958489,139,4.0,gauss0.35arcmin,1079,932,15
933,24.468666666666675,5.915333333333334,3.7374093461597426e-06,4.891789694686744,91,4.0,gauss0.25arcmin,28,933,15
934,27.215999999999998,7.576000000000001,3.8071844687435955e-06,4.887162921849078,79,4.0,gauss0.25arcmin,29,934,15
935,26.951333333333334,5.716000000000001,3.843255802396923e-06,4.885940220175278,64,4.0,gauss0.25arcmin,30,935,15
936,27.08933333333333,4.910000000000002,3.902793776635237e-06,4.883464406817041,69,4.0,gauss0.25arcmin,31,936,15
937,26.24666666666667,5.202666666666667,3.3988689636618694e-06,4.879681702627877,116,4.0,gauss0.3arcmin,592,937,15
938,26.58466666666668,5.666,2.741584130347741e-06,4.877011865874673,281,4.0,gauss0.5arcmin,1979,938,15
939,26.043999999999997,6.606666666666667,3.299299039793149e-06,4.874411305427966,113,4.0,gauss0.3arcmin,594,939,15
940,25.74733333333334,4.872000000000001,2.959378106811173e-06,4.874099457896485,238,4.0,gauss0.45arcmin,1746,940,15
941,26.746666666666666,6.847333333333334,3.7368192304695053e-06,4.873837151868724,88,4.0,gauss0.25arcmin,33,941,15
942,25.657333333333348,5.598000000000001,3.0771954024551604e-06,4.872825208154948,141,4.0,gauss0.35arcmin,1082,942,15
943,27.466000000000008,5.919333333333334,3.8082029755445834e-06,4.872640955047788,62,4.0,gauss0.25arcmin,34,943,15
944,26.19733333333334,5.346666666666668,3.823999167745903e-06,4.870194527378231,77,4.0,gauss0.25arcmin,35,944,15
945,24.826666666666682,7.299333333333334,2.638009493671662e-06,4.868244770567597,253,4.0,gauss0.5arcmin,1980,945,15
946,25.97799999999999,6.9140000000000015,3.662142369018409e-06,4.861465491199872,79,4.0,gauss0.25arcmin,36,946,15
947,27.082000000000015,6.618000000000001,3.3498003819699155e-06,4.858852561760881,109,4.0,gauss0.3arcmin,598,947,15
948,26.10800000000001,7.532,2.8958531132134486e-06,4.857680594740496,129,4.0,gauss0.35arcmin,1085,948,15
949,27.436000000000007,6.0120000000000005,3.7989262060661835e-06,4.85669036715488,53,4.0,gauss0.25arcmin,37,949,15
950,26.041333333333338,5.938666666666667,3.815030935555596e-06,4.847226107981429,79,4.0,gauss0.25arcmin,39,950,15
951,25.549333333333347,5.401333333333334,3.7355300379373585e-06,4.845747510514301,67,4.0,gauss0.25arcmin,40,951,15
952,25.85933333333333,6.166666666666668,3.809648453232599e-06,4.844182024204347,69,4.0,gauss0.25arcmin,41,952,15
953,26.005999999999997,4.586,3.891824956308832e-06,4.844075144708564,66,4.0,gauss0.25arcmin,42,953,15
954,26.713333333333342,5.473333333333334,3.832305214101029e-06,4.842753959091431,80,4.0,gauss0.25arcmin,43,954,15
955,26.086000000000016,4.363333333333334,3.873142263786285e-06,4.841754249590571,81,4.0,gauss0.25arcmin,44,955,15
956,27.349333333333337,6.389333333333334,2.5585790898966197e-06,4.841566051067087,680,4.0,gauss0.75arcmin,2628,956,15
957,25.476000000000003,4.801333333333334,3.8479644516926385e-06,4.839156607660585,62,4.0,gauss0.25arcmin,45,957,15
958,27.494666666666674,6.196666666666667,3.7700833375170964e-06,4.838967607260468,80,4.0,gauss0.25arcmin,46,958,15
959,26.010000000000012,4.459333333333334,3.86979599031824e-06,4.8375844819847265,79,4.0,gauss0.25arcmin,47,959,15
960,26.35066666666668,7.077333333333335,2.948973096315934e-06,4.833873515086849,149,4.0,gauss0.35arcmin,1088,960,15
961,25.814000000000014,6.517333333333334,2.4479049272107063e-06,4.8321870133425975,624,4.0,gauss0.75arcmin,2629,961,15
962,25.46133333333335,7.068666666666669,2.92243383912023e-06,4.830592249835624,118,4.0,gauss0.35arcmin,1089,962,15
963,25.109333333333325,5.839333333333334,3.0231771434279942e-06,4.830320658385011,148,4.0,gauss0.35arcmin,1090,963,15
964,27.01733333333334,7.216666666666669,3.7706886570083268e-06,4.824777817926809,72,4.0,gauss0.25arcmin,48,964,15
965,24.63066666666666,5.578666666666668,2.77310542417801e-06,4.824480362703262,215,4.0,gauss0.45arcmin,1751,965,15
966,26.375333333333334,4.9013333333333335,3.886980945113099e-06,4.821682354957298,79,4.0,gauss0.25arcmin,49,966,15
967,24.83800000000001,6.482666666666668,3.682135653770308e-06,4.818613534284678,69,4.0,gauss0.25arcmin,51,967,15
968,27.50066666666666,6.277333333333334,3.7424360973190616e-06,4.814944549119542,76,4.0,gauss0.25arcmin,52,968,15
969,26.943999999999992,7.117333333333335,3.735726746590213e-06,4.8141728370473995,62,4.0,gauss0.25arcmin,53,969,15
970,25.973333333333336,5.28,3.343141859528561e-06,4.813439098949177,96,4.0,gauss0.3arcmin,608,970,15
971,26.606666666666673,4.825333333333334,3.882259867664469e-06,4.8132949191262036,74,4.0,gauss0.25arcmin,54,971,15
972,25.04000000000002,5.386000000000001,3.3135203177510396e-06,4.810874809824449,107,4.0,gauss0.3arcmin,609,972,15
973,25.535999999999998,4.496,2.7849311843050486e-06,4.810100219586754,259,4.0,gauss0.5arcmin,1983,973,15
974,26.80066666666668,4.670000000000001,3.874119337325478e-06,4.80627699340623,69,4.0,gauss0.25arcmin,58,974,15
975,26.757333333333328,6.010000000000001,2.5661019864800196e-06,4.8017834643127415,400,4.0,gauss0.65arcmin,2433,975,15
976,26.663333333333345,5.155333333333334,3.3712419369919947e-06,4.8014225995636775,109,4.0,gauss0.3arcmin,612,976,15
977,25.60866666666668,4.4606666666666674,3.804282127100193e-06,4.800966891930103,57,4.0,gauss0.25arcmin,59,977,15
978,24.528000000000006,6.5133333333333345,3.2489711866348093e-06,4.800402228620048,96,4.0,gauss0.3arcmin,613,978,15
979,24.581333333333326,6.537333333333335,2.993214583005569e-06,4.7993174518358,139,4.0,gauss0.35arcmin,1094,979,15
980,26.01666666666666,5.388666666666667,2.584094539453136e-06,4.79931088083339,723,4.0,gauss0.75arcmin,2631,980,15
981,24.626000000000005,7.299333333333334,2.7945886785396914e-06,4.797890826176752,165,4.0,gauss0.4arcmin,1464,981,15
982,24.535333333333345,7.5533333333333355,3.6187578280887994e-06,4.795734315727845,63,4.0,gauss0.25arcmin,62,982,15
983,25.181333333333342,6.962666666666667,2.9166234971047748e-06,4.792641665327314,129,4.0,gauss0.35arcmin,1096,983,15
984,25.65000000000001,5.44,2.7453849570611494e-06,4.788502526511389,230,4.0,gauss0.45arcmin,1756,984,15
985,24.918666666666674,7.450666666666668,2.9570120543951236e-06,4.788443718527858,131,4.0,gauss0.35arcmin,1098,985,15
986,25.063333333333343,4.859333333333334,3.8451399772712076e-06,4.787936646470484,63,4.0,gauss0.25arcmin,65,986,15
987,24.843999999999998,5.944666666666667,3.6732286120454936e-06,4.785295109600721,59,4.0,gauss0.25arcmin,66,987,15
988,25.511333333333347,6.581333333333334,3.2206702421634246e-06,4.780517235450464,96,4.0,gauss0.3arcmin,618,988,15
989,25.89000000000002,4.576666666666667,2.916166197414916e-06,4.779804806353642,239,4.0,gauss0.45arcmin,1757,989,15
990,26.706000000000003,6.660000000000001,3.677018710556526e-06,4.779701671635956,50,4.0,gauss0.25arcmin,67,990,15
991,27.175333333333334,4.696000000000001,3.817575863466296e-06,4.776836409913826,69,4.0,gauss0.25arcmin,68,991,15
992,26.128000000000007,5.385333333333334,2.8851555396339242e-06,4.775535078686224,164,4.0,gauss0.4arcmin,1467,992,15
993,24.704000000000004,6.600666666666667,3.6487720049217906e-06,4.775017466677317,64,4.0,gauss0.25arcmin,69,993,15
994,27.125333333333337,6.593333333333335,3.7154364656812238e-06,4.774992409618875,80,4.0,gauss0.25arcmin,70,994,15
995,26.934666666666683,6.510666666666667,3.2761492490669805e-06,4.77357107942535,100,4.0,gauss0.3arcmin,620,995,15
996,25.066000000000003,4.827333333333334,3.832110127491312e-06,4.772614156609556,63,4.0,gauss0.25arcmin,72,996,15
997,26.405999999999995,7.5726666666666675,3.1654672241359913e-06,4.766950003142875,100,4.0,gauss0.3arcmin,621,997,15
998,26.220666666666663,5.710000000000001,3.316768196268459e-06,4.766378126377956,103,4.0,gauss0.3arcmin,622,998,15
999,25.09066666666668,7.120666666666668,3.5929921867568404e-06,4.765073388729866,62,4.0,gauss0.25arcmin,73,999,15
1000,26.526666666666678,5.121333333333334,3.7896517975416677e-06,4.754784653317034,62,4.0,gauss0.25arcmin,74,1000,15
1001,26.98600000000001,5.0120000000000005,3.7955371080719803e-06,4.749533173198827,70,4.0,gauss0.25arcmin,75,1001,15
1002,25.903333333333343,5.6686666666666685,2.6223939293794805e-06,4.7419006868568925,320,4.0,gauss0.55arcmin,2171,1002,15
1003,25.853333333333346,6.426000000000001,3.63838638200909e-06,4.740460459947767,78,4.0,gauss0.25arcmin,76,1003,15
1004,27.04400000000001,5.337333333333334,2.56793714519759e-06,4.732870089930228,710,4.0,gauss0.75arcmin,2634,1004,15
1005,26.080000000000005,6.688666666666667,3.629123717594618e-06,4.7317394038706775,60,4.0,gauss0.25arcmin,79,1005,15
1006,25.841333333333353,5.244000000000001,2.8592063897674333e-06,4.7308030192200405,152,4.0,gauss0.4arcmin,1479,1006,15
1007,25.19866666666668,5.068666666666667,2.788790248430274e-06,4.729655917042828,198,4.0,gauss0.45arcmin,1760,1007,15
1008,26.833333333333336,7.066666666666667,2.3243416420684885e-06,4.722339327776364,482,4.0,gauss0.75arcmin,2635,1008,15
1009,26.214000000000013,6.959333333333334,3.536574404400913e-06,4.721411257897861,53,4.0,gauss0.25arcmin,81,1009,15
1010,27.523333333333344,4.994000000000001,3.748911869281915e-06,4.714895602020757,75,4.0,gauss0.25arcmin,83,1010,15
1011,25.318666666666672,6.864000000000001,3.1530390747971014e-06,4.710276757803412,92,4.0,gauss0.3arcmin,635,1011,15
1012,26.822000000000006,5.045333333333334,3.3550955494141925e-06,4.70961821354318,89,4.0,gauss0.3arcmin,636,1012,15
1013,27.186,6.5040000000000004,3.6583693460935903e-06,4.701603243808768,40,4.0,gauss0.25arcmin,85,1013,15
1014,27.388666666666673,6.471333333333334,3.6563156561797354e-06,4.698938737083942,79,4.0,gauss0.25arcmin,86,1014,15
1015,25.54066666666668,4.402,3.7179309889914764e-06,4.695837475375254,51,4.0,gauss0.25arcmin,87,1015,15
1016,25.043333333333344,5.626666666666668,3.6424315880098085e-06,4.69478972632488,56,4.0,gauss0.25arcmin,88,1016,15
1017,27.54733333333333,5.268666666666667,3.2706169022133055e-06,4.689309744601291,84,4.0,gauss0.3arcmin,643,1017,15
1018,26.84866666666668,4.618,3.773185089848527e-06,4.687694157684978,66,4.0,gauss0.25arcmin,89,1018,15
1019,27.394000000000016,5.995333333333334,2.730885939000401e-06,4.687649877417352,188,4.0,gauss0.45arcmin,1764,1019,15
1020,24.56600000000001,7.023333333333334,3.555773461047379e-06,4.686284614549341,54,4.0,gauss0.25arcmin,91,1020,15
1021,25.126666666666665,4.839333333333334,3.3331659243764644e-06,4.684950369502418,101,4.0,gauss0.3arcmin,645,1021,15
1022,24.91600000000001,7.125333333333335,3.145419191896066e-06,4.684541724666228,85,4.0,gauss0.3arcmin,647,1022,15
1023,26.142666666666663,7.2120000000000015,3.4825839064436693e-06,4.682666361711163,58,4.0,gauss0.25arcmin,92,1023,15
1024,25.03666666666667,7.033333333333334,2.378188577669054e-06,4.681425292326403,456,4.0,gauss0.7arcmin,2546,1024,15
1025,27.366000000000014,7.363333333333334,2.626288051002688e-06,4.679575125493128,209,4.0,gauss0.5arcmin,1990,1025,15
1026,25.57733333333333,5.517333333333334,3.608569234318523e-06,4.679249763506648,56,4.0,gauss0.25arcmin,93,1026,15
1027,27.16800000000002,6.374666666666667,2.6992523045224456e-06,4.672356716910958,173,4.0,gauss0.45arcmin,1767,1027,15
1028,27.211333333333343,4.564000000000001,3.3187021404410177e-06,4.672183704463404,91,4.0,gauss0.3arcmin,651,1028,15
1029,26.165333333333347,7.356666666666667,3.474591774484293e-06,4.670859813607105,64,4.0,gauss0.25arcmin,96,1029,15
1030,26.458666666666677,4.753333333333334,3.7660589827015177e-06,4.669383830903111,58,4.0,gauss0.25arcmin,97,1030,15
1031,26.912666666666667,5.622666666666667,3.6896703500775347e-06,4.666855149136854,61,4.0,gauss0.25arcmin,99,1031,15
1032,25.91333333333334,4.514,2.6818146516924962e-06,4.655874352823829,518,4.0,gauss0.75arcmin,2638,1032,15
1033,25.347333333333342,5.460000000000001,3.586897970525208e-06,4.6539961469586775,59,4.0,gauss0.25arcmin,102,1033,15
1034,25.644666666666662,6.947333333333334,3.4947401029510217e-06,4.653388411638305,53,4.0,gauss0.25arcmin,103,1034,15
1035,24.580666666666662,4.7826666666666675,3.751473732544342e-06,4.652616759801863,57,4.0,gauss0.25arcmin,104,1035,15
1036,26.202666666666683,7.205333333333335,3.0396541794699125e-06,4.642988660664799,80,4.0,gauss0.3arcmin,656,1036,15
1037,27.052000000000017,5.690666666666667,3.6553355270120984e-06,4.641274111131869,40,4.0,gauss0.25arcmin,106,1037,15
1038,27.599333333333348,5.938666666666667,2.7960503129845026e-06,4.640832262595331,144,4.0,gauss0.4arcmin,1493,1038,15
1039,27.384000000000018,6.717333333333334,3.199668620430841e-06,4.640819967354286,80,4.0,gauss0.3arcmin,657,1039,15
1040,26.471333333333337,5.366666666666667,2.690062410336656e-06,4.63860507734108,178,4.0,gauss0.45arcmin,1772,1040,15
1041,24.606000000000005,5.9493333333333345,3.148634174496349e-06,4.633291259672012,78,4.0,gauss0.3arcmin,661,1041,15
1042,27.130000000000017,7.614666666666667,2.948219491077194e-06,4.6316548681229355,100,4.0,gauss0.35arcmin,1128,1042,15
1043,26.211999999999993,4.878000000000001,3.722256113447042e-06,4.631053576278423,51,4.0,gauss0.25arcmin,112,1043,15
1044,26.332666666666675,5.990000000000001,3.640183291518696e-06,4.629350950108081,62,4.0,gauss0.25arcmin,113,1044,15
1045,24.793333333333333,6.503333333333334,3.535846201028059e-06,4.627211750654641,45,4.0,gauss0.25arcmin,115,1045,15
1046,25.106,4.835333333333334,3.29788990247277e-06,4.626567708554598,93,4.0,gauss0.3arcmin,664,1046,15
1047,25.978666666666683,6.246000000000001,3.6211335859822513e-06,4.6256773945900616,44,4.0,gauss0.25arcmin,116,1047,15
1048,25.004666666666676,5.23,2.579560223308252e-06,4.625177535454845,201,4.0,gauss0.5arcmin,2000,1048,15
1049,24.989333333333335,7.159333333333334,3.5031072584501356e-06,4.620148211175038,60,4.0,gauss0.25arcmin,117,1049,15
1050,27.026666666666674,6.352000000000001,3.5977588743931247e-06,4.619288598201041,53,4.0,gauss0.25arcmin,118,1050,15
1051,25.24000000000001,4.938666666666667,3.673084859433834e-06,4.619185872637885,56,4.0,gauss0.25arcmin,119,1051,15
1052,25.633333333333333,5.947333333333334,2.9046299561791406e-06,4.6176106405686195,100,4.0,gauss0.35arcmin,1133,1052,15
1053,25.011333333333326,7.225333333333334,3.0951830396839694e-06,4.617427201439417,74,4.0,gauss0.3arcmin,669,1053,15
1054,27.380000000000003,7.432000000000002,3.6116710669196503e-06,4.616166695081673,60,4.0,gauss0.25arcmin,121,1054,15
1055,25.07333333333334,6.404666666666667,3.525209433760498e-06,4.615793791800371,41,4.0,gauss0.25arcmin,122,1055,15
1056,27.365333333333346,5.661333333333334,3.6417901035942514e-06,4.615251992846426,48,4.0,gauss0.25arcmin,123,1056,15
1057,25.270000000000007,5.606666666666667,2.555126211441659e-06,4.613163625341161,202,4.0,gauss0.5arcmin,2002,1057,15
1058,24.52866666666667,6.992000000000001,2.442188260748677e-06,4.612636450984427,235,4.0,gauss0.55arcmin,2182,1058,15
1059,27.119999999999994,6.104666666666668,3.6086620220333625e-06,4.612349340290146,59,4.0,gauss0.25arcmin,124,1059,15
1060,25.75266666666666,6.078000000000001,3.6119423615462277e-06,4.612251577659606,49,4.0,gauss0.25arcmin,125,1060,15
1061,27.552666666666678,4.8773333333333335,3.668895743989601e-06,4.611843475947672,55,4.0,gauss0.25arcmin,126,1061,15
1062,25.940000000000015,6.416666666666668,2.3413759169958385e-06,4.611843374485631,2003,4.0,gauss0.75arcmin,2641,1062,15
1063,24.564666666666678,4.634666666666667,3.716663898888422e-06,4.610072866997159,54,4.0,gauss0.25arcmin,127,1063,15
1064,27.322666666666667,7.308000000000001,3.6073134767645048e-06,4.609698274158253,47,4.0,gauss0.25arcmin,128,1064,15
1065,26.408666666666683,4.668000000000001,3.7160721039582734e-06,4.608172117354008,50,4.0,gauss0.25arcmin,129,1065,15
1066,26.37066666666668,6.356666666666667,3.1390986851272438e-06,4.604628574626177,72,4.0,gauss0.3arcmin,674,1066,15
1067,27.424000000000014,6.238,3.597118734754648e-06,4.602634746901887,56,4.0,gauss0.25arcmin,130,1067,15
1068,26.932,4.559333333333334,2.8768000324510114e-06,4.6012251745105965,145,4.0,gauss0.4arcmin,1500,1068,15
1069,26.02733333333335,5.887333333333334,3.6213524532149583e-06,4.60117617731427,47,4.0,gauss0.25arcmin,131,1069,15
1070,26.223333333333347,4.862666666666668,3.0478315622236783e-06,4.599765734937278,129,4.0,gauss0.35arcmin,1140,1070,15
1071,26.404666666666667,4.424,3.6923368315583595e-06,4.599051351763668,54,4.0,gauss0.25arcmin,133,1071,15
1072,24.80266666666667,6.022000000000001,3.5299533403885114e-06,4.598652016760652,45,4.0,gauss0.25arcmin,134,1072,15
1073,26.159333333333336,5.670000000000001,3.612261787746211e-06,4.598151339110387,46,4.0,gauss0.25arcmin,135,1073,15
1074,26.605333333333345,4.725333333333334,3.2938453062378777e-06,4.595515596789811,94,4.0,gauss0.3arcmin,678,1074,15
1075,25.970666666666677,7.380666666666667,3.003149022887368e-06,4.594658413579833,74,4.0,gauss0.3arcmin,679,1075,15
1076,24.86599999999999,6.701333333333334,2.8657498360808327e-06,4.59458983114337,101,4.0,gauss0.35arcmin,1145,1076,15
1077,27.338000000000008,7.110000000000001,2.4377285504772734e-06,4.591704701578089,347,4.0,gauss0.65arcmin,2452,1077,15
1078,24.580666666666662,7.620000000000002,3.467817057912641e-06,4.591578617300086,56,4.0,gauss0.25arcmin,136,1078,15
1079,27.02866666666667,5.5006666666666675,3.2164715289891105e-06,4.591471071363241,81,4.0,gauss0.3arcmin,682,1079,15
1080,25.28666666666668,7.306000000000001,3.435122812966467e-06,4.591247738263141,50,4.0,gauss0.25arcmin,137,1080,15
1081,25.544666666666668,4.346666666666668,3.630621180906562e-06,4.585489566934434,64,4.0,gauss0.25arcmin,141,1081,15
1082,25.51066666666668,5.452666666666667,3.5334992615631116e-06,4.584514675973498,36,4.0,gauss0.25arcmin,142,1082,15
1083,25.29066666666667,6.504666666666669,3.0882412864568154e-06,4.583889468640913,87,4.0,gauss0.3arcmin,685,1083,15
1084,27.56333333333334,7.414000000000001,2.5002480438340087e-06,4.582505447613851,219,4.0,gauss0.55arcmin,2187,1084,15
1085,25.37600000000001,5.688000000000001,3.5270532760316045e-06,4.581371894033166,70,4.0,gauss0.25arcmin,144,1085,15
1086,25.38866666666667,4.838000000000001,3.6422802502080325e-06,4.5805157589548795,52,4.0,gauss0.25arcmin,145,1086,15
1087,25.843333333333344,5.720666666666667,3.599487676133727e-06,4.57994099747499,59,4.0,gauss0.25arcmin,146,1087,15
1088,25.546666666666663,7.074000000000001,3.4264610668724996e-06,4.579769982325727,61,4.0,gauss0.25arcmin,147,1088,15
1089,27.470666666666663,6.7860000000000005,3.5572313587593223e-06,4.576699937096774,65,4.0,gauss0.25arcmin,150,1089,15
1090,25.471333333333348,6.079333333333334,2.589460521349315e-06,4.574900512435231,152,4.0,gauss0.45arcmin,1783,1090,15
1091,27.20133333333334,6.303333333333335,3.160666810638405e-06,4.57379835950404,80,4.0,gauss0.3arcmin,689,1091,15
1092,25.63866666666668,6.073333333333334,3.5287435624340604e-06,4.570501917632428,57,4.0,gauss0.25arcmin,151,1092,15
1093,24.738666666666656,6.373333333333334,2.4934430346189615e-06,4.5699491565417425,180,4.0,gauss0.5arcmin,2008,1093,15
1094,25.837333333333337,4.766000000000001,3.670898911951972e-06,4.569738484327205,51,4.0,gauss0.25arcmin,152,1094,15
1095,26.473999999999997,6.9813333333333345,3.463304641290422e-06,4.568646054630722,55,4.0,gauss0.25arcmin,153,1095,15
1096,27.15866666666666,7.048000000000001,3.1678120931224946e-06,4.565179491416579,96,4.0,gauss0.3arcmin,695,1096,15
1097,24.825999999999993,6.160666666666668,3.503482340981629e-06,4.564548732885827,57,4.0,gauss0.25arcmin,155,1097,15
1098,24.96333333333335,5.880000000000001,3.0994606795972386e-06,4.560369133184758,65,4.0,gauss0.3arcmin,696,1098,15
1099,26.447333333333322,6.859333333333335,3.4920450500480237e-06,4.560059496720178,40,4.0,gauss0.25arcmin,156,1099,15
1100,25.14466666666667,6.596000000000002,2.33045336020761e-06,4.559902223122479,291,4.0,gauss0.65arcmin,2454,1100,15
1101,27.260666666666673,4.707333333333334,2.839676486151755e-06,4.5585593656680246,124,4.0,gauss0.4arcmin,1512,1101,15
1102,27.360000000000003,6.458666666666668,3.543451957661151e-06,4.5537396826515515,50,4.0,gauss0.25arcmin,159,1102,15
1103,27.175333333333334,7.114000000000001,3.5622116149645918e-06,4.55208246080732,53,4.0,gauss0.25arcmin,161,1103,15
1104,26.00733333333335,7.458666666666668,2.970501045825771e-06,4.547982949649386,76,4.0,gauss0.3arcmin,700,1104,15
1105,26.493999999999996,4.795333333333334,3.665942680735686e-06,4.545131993979836,38,4.0,gauss0.25arcmin,163,1105,15
1106,27.140666666666682,7.386666666666668,3.5539190216452547e-06,4.541549941841758,50,4.0,gauss0.25arcmin,165,1106,15
1107,24.652000000000015,4.768666666666667,3.0254182045661727e-06,4.541106353212124,89,4.0,gauss0.35arcmin,1160,1107,15
1108,25.620000000000008,5.483333333333334,3.507162786816822e-06,4.540832247979952,46,4.0,gauss0.25arcmin,166,1108,15
1109,26.145333333333348,6.516000000000001,3.0732387349960288e-06,4.5401977700763325,64,4.0,gauss0.3arcmin,706,1109,15
1110,26.90466666666666,6.633333333333334,3.1073968701948497e-06,4.539465375260157,74,4.0,gauss0.3arcmin,708,1110,15
1111,24.934666666666683,6.909333333333334,3.059844421672862e-06,4.538494389373463,80,4.0,gauss0.3arcmin,709,1111,15
1112,26.770666666666678,7.5453333333333354,2.6107982671176684e-06,4.538415217989868,114,4.0,gauss0.4arcmin,1516,1112,15
1113,25.302,5.292000000000001,3.497604110717724e-06,4.537798975769957,38,4.0,gauss0.25arcmin,167,1113,15
1114,25.092000000000013,5.638666666666667,3.5097477668438967e-06,4.535566120849067,42,4.0,gauss0.25arcmin,168,1114,15
1115,27.21533333333333,6.942666666666668,2.3668269060727236e-06,4.534961798851925,348,4.0,gauss0.75arcmin,2644,1115,15
1116,27.00133333333333,5.479333333333334,3.176281740863857e-06,4.534578995967852,71,4.0,gauss0.3arcmin,714,1116,15
1117,27.614,6.034666666666667,3.53122765061114e-06,4.5340203599459015,55,4.0,gauss0.25arcmin,169,1117,15
1118,25.302,7.378000000000001,3.39080610375905e-06,4.5321378191218935,37,4.0,gauss0.25arcmin,170,1118,15
1119,26.414666666666665,5.328,2.4718005237069228e-06,4.53144205807426,254,4.0,gauss0.6arcmin,2337,1119,15
1120,27.088,7.1080000000000005,2.7331698385631067e-06,4.529391501149838,109,4.0,gauss0.4arcmin,1519,1120,15
1121,26.63400000000001,6.297333333333334,3.5223192082353413e-06,4.52813446808207,41,4.0,gauss0.25arcmin,171,1121,15
1122,26.46333333333333,6.4173333333333344,3.4858732288298177e-06,4.527601301330684,46,4.0,gauss0.25arcmin,173,1122,15
1123,24.551999999999996,6.662666666666667,2.3698379596250217e-06,4.523238845794842,250,4.0,gauss0.6arcmin,2340,1123,15
1124,26.014666666666667,6.643333333333334,3.467838575097952e-06,4.521360292473884,40,4.0,gauss0.25arcmin,175,1124,15
1125,27.342,6.850666666666667,3.5212612046128948e-06,4.519461981582581,48,4.0,gauss0.25arcmin,176,1125,15
1126,25.327333333333343,6.678000000000001,3.4418569271672697e-06,4.515700379016993,35,4.0,gauss0.25arcmin,178,1126,15
1127,27.526666666666667,4.547333333333334,3.1919376094657904e-06,4.515669966686355,81,4.0,gauss0.3arcmin,717,1127,15
1128,26.64266666666668,7.352000000000002,2.1976680606447216e-06,4.515286790120943,636,4.0,gauss0.75arcmin,2646,1128,15
1129,24.928000000000008,6.464666666666668,3.4494575131100458e-06,4.5141041789665755,53,4.0,gauss0.25arcmin,179,1129,15
1130,26.801333333333343,5.438666666666667,2.4165620152335624e-06,4.512556796107228,409,4.0,gauss0.75arcmin,2647,1130,15
1131,25.91866666666666,5.050666666666667,3.202704864580971e-06,4.5109427321807845,73,4.0,gauss0.3arcmin,718,1131,15
1132,24.64666666666667,7.371333333333334,2.3901573223437797e-06,4.510619174605998,198,4.0,gauss0.55arcmin,2198,1132,15
1133,25.812666666666683,5.927333333333334,3.5455138776431932e-06,4.509608794924934,40,4.0,gauss0.25arcmin,180,1133,15
1134,25.019333333333332,5.509333333333334,3.507306458138325e-06,4.509421205920834,43,4.0,gauss0.25arcmin,181,1134,15
1135,25.414000000000012,4.954666666666667,3.1861594837557594e-06,4.505456694026655,64,4.0,gauss0.3arcmin,720,1135,15
1136,26.845999999999993,6.531333333333334,2.546320682851847e-06,4.5042900792709215,134,4.0,gauss0.45arcmin,1793,1136,15
1137,26.16266666666666,7.016000000000001,2.3517249242927927e-06,4.504257800199577,162,4.0,gauss0.5arcmin,2017,1137,15
1138,27.519999999999992,4.748,2.7930127536492874e-06,4.504186333419172,105,4.0,gauss0.4arcmin,1524,1138,15
1139,25.176666666666662,5.2860000000000005,2.3321192566157333e-06,4.500808847400026,385,4.0,gauss0.75arcmin,2648,1139,15
1140,25.272666666666666,6.73,3.429470795110069e-06,4.499812305537233,46,4.0,gauss0.25arcmin,183,1140,15
1141,27.308666666666674,6.744000000000001,3.5014627705732098e-06,4.499728369791667,37,4.0,gauss0.25arcmin,184,1141,15
1142,26.189999999999998,6.135333333333335,3.5403612883825393e-06,4.499326118933949,38,4.0,gauss0.25arcmin,185,1142,15
1143,27.57466666666667,7.078666666666668,3.504453127103267e-06,4.498860423152512,46,4.0,gauss0.25arcmin,186,1143,15
1144,26.576666666666675,5.892666666666668,3.5345398712074465e-06,4.496823924953531,60,4.0,gauss0.25arcmin,188,1144,15
1145,24.88333333333333,5.360666666666668,3.1024723820918704e-06,4.494962087731296,74,4.0,gauss0.3arcmin,727,1145,15
1146,24.54133333333333,4.621333333333334,3.621193810051335e-06,4.493994983020175,37,4.0,gauss0.25arcmin,189,1146,15
1147,26.127333333333343,4.707333333333334,3.6086146119619213e-06,4.491186322980713,39,4.0,gauss0.25arcmin,192,1147,15
1148,27.127999999999997,5.5840000000000005,3.5536015526698945e-06,4.490681756767533,42,4.0,gauss0.25arcmin,193,1148,15
1149,25.12200000000001,7.279333333333334,3.3770879916707e-06,4.490360485292806,41,4.0,gauss0.25arcmin,194,1149,15
1150,27.432666666666684,4.458,3.5711128744239115e-06,4.489076874841045,37,4.0,gauss0.25arcmin,195,1150,15
1151,27.42133333333333,5.664666666666667,3.541105839468436e-06,4.489045986180148,41,4.0,gauss0.25arcmin,196,1151,15
1152,26.345333333333336,7.372000000000001,2.5736037365061066e-06,4.4856097186414186,117,4.0,gauss0.4arcmin,1526,1152,15
1153,26.23333333333335,7.312000000000001,3.344122946556476e-06,4.484479870249549,39,4.0,gauss0.25arcmin,198,1153,15
1154,25.394666666666676,4.632000000000001,3.565874059466523e-06,4.484438692466595,39,4.0,gauss0.25arcmin,199,1154,15
1155,27.363333333333326,5.768000000000001,3.5129277018529057e-06,4.4818223766421506,35,4.0,gauss0.25arcmin,200,1155,15
1156,26.79133333333334,5.655333333333334,3.539946353636795e-06,4.481164528588413,40,4.0,gauss0.25arcmin,201,1156,15
1157,25.19733333333335,5.649333333333334,3.452582515517674e-06,4.479783906211281,41,4.0,gauss0.25arcmin,202,1157,15
1158,25.878,6.452000000000001,2.271418828098029e-06,4.47958587388323,497,4.0,gauss0.75arcmin,2651,1158,15
1159,25.49866666666666,7.146000000000001,3.3483457992316855e-06,4.475460119310175,43,4.0,gauss0.25arcmin,204,1159,15
1160,27.31933333333334,7.409333333333335,3.502056659186915e-06,4.475425697941982,47,4.0,gauss0.25arcmin,205,1160,15
1161,27.630666666666677,5.7393333333333345,3.4967250639907692e-06,4.4750160074956975,39,4.0,gauss0.25arcmin,206,1161,15
1162,27.144000000000005,7.549333333333335,3.087711552743992e-06,4.469551947604201,64,4.0,gauss0.3arcmin,741,1162,15
1163,25.135333333333335,6.695333333333334,3.408480131113895e-06,4.468578062223282,33,4.0,gauss0.25arcmin,210,1163,15
1164,27.46933333333333,5.73,3.1022592932930196e-06,4.467396994314223,60,4.0,gauss0.3arcmin,742,1164,15
1165,24.67866666666666,6.375333333333334,3.415154000965399e-06,4.466691765600921,43,4.0,gauss0.25arcmin,211,1165,15
1166,25.911333333333346,4.891333333333335,2.814026345656228e-06,4.464381297715281,115,4.0,gauss0.4arcmin,1532,1166,15
1167,24.840000000000007,7.492000000000001,2.4853067363794056e-06,4.4633678750091965,112,4.0,gauss0.45arcmin,1809,1167,15
1168,26.624666666666677,5.054,3.582479591278266e-06,4.462393536379914,31,4.0,gauss0.25arcmin,213,1168,15
1169,25.210000000000008,6.19,3.4266738743176632e-06,4.459641765627992,46,4.0,gauss0.25arcmin,214,1169,15
1170,24.54600000000001,6.487333333333334,3.4047333135396458e-06,4.458249186391092,46,4.0,gauss0.25arcmin,216,1170,15
1171,26.41266666666667,6.435333333333334,3.027922801174662e-06,4.458093351674116,59,4.0,gauss0.3arcmin,746,1171,15
1172,25.349333333333337,5.236000000000001,3.437389368031406e-06,4.457118555346899,42,4.0,gauss0.25arcmin,217,1172,15
1173,27.43866666666667,6.612000000000001,2.6763250510756007e-06,4.456177167810191,116,4.0,gauss0.4arcmin,1537,1173,15
1174,24.548000000000005,7.371333333333334,3.3776768678991203e-06,4.454035968743206,40,4.0,gauss0.25arcmin,218,1174,15
1175,26.03000000000001,5.046,3.5588728168826566e-06,4.451172151608711,46,4.0,gauss0.25arcmin,220,1175,15
1176,26.952666666666662,5.9926666666666675,3.4843976945979264e-06,4.4490964957626495,41,4.0,gauss0.25arcmin,221,1176,15
1177,27.20133333333334,6.23,3.477210285665171e-06,4.44791500235653,36,4.0,gauss0.25arcmin,222,1177,15
1178,26.93800000000001,4.760666666666667,2.4709757693153828e-06,4.441213111605497,405,4.0,gauss0.75arcmin,2654,1178,15
1179,27.28800000000001,5.388666666666667,3.1086854245152303e-06,4.437165315742643,59,4.0,gauss0.3arcmin,751,1179,15
1180,27.059999999999995,6.132000000000001,3.073783639645646e-06,4.437060298186377,58,4.0,gauss0.3arcmin,752,1180,15
1181,25.096,6.594666666666668,3.385980070407387e-06,4.436482012325145,37,4.0,gauss0.25arcmin,225,1181,15
1182,26.60133333333333,5.791333333333334,3.0791001056496685e-06,4.435694004351584,58,4.0,gauss0.3arcmin,753,1182,15
1183,24.494666666666685,7.096666666666668,2.7263764621618674e-06,4.433178811511764,74,4.0,gauss0.35arcmin,1194,1183,15
1184,26.970666666666666,6.860000000000001,3.445998992602116e-06,4.432861906570223,32,4.0,gauss0.25arcmin,228,1184,15
1185,26.14600000000001,7.158000000000001,2.897496963240592e-06,4.431912137448618,55,4.0,gauss0.3arcmin,755,1185,15
1186,25.46133333333335,7.162666666666667,3.315241149503562e-06,4.431186017927558,42,4.0,gauss0.25arcmin,229,1186,15
1187,24.604666666666677,7.458666666666668,2.73365065076909e-06,4.427580519552761,79,4.0,gauss0.35arcmin,1198,1187,15
1188,25.574666666666666,6.228666666666667,2.6111749011098593e-06,4.425825307559329,97,4.0,gauss0.4arcmin,1546,1188,15
1189,25.421333333333326,4.626666666666667,2.8993228620219026e-06,4.42557874428093,77,4.0,gauss0.35arcmin,1200,1189,15
1190,25.998666666666683,5.442666666666668,3.4727581299177645e-06,4.425224183407337,41,4.0,gauss0.25arcmin,231,1190,15
1191,25.38600000000001,5.868,3.401627696066038e-06,4.424810473432057,46,4.0,gauss0.25arcmin,232,1191,15
1192,25.740000000000002,6.837333333333334,2.7291762298831654e-06,4.423006810175381,65,4.0,gauss0.35arcmin,1206,1192,15
1193,27.371333333333332,6.782000000000001,3.4412352564897546e-06,4.421621526050689,40,4.0,gauss0.25arcmin,234,1193,15
1194,27.48066666666666,6.380666666666667,2.806069846090508e-06,4.421175285273453,80,4.0,gauss0.35arcmin,1207,1194,15
1195,27.523333333333344,5.324000000000001,3.4813940831202694e-06,4.417417280085991,37,4.0,gauss0.25arcmin,235,1195,15
1196,25.789333333333335,5.078666666666667,3.5126059531783194e-06,4.415687770947089,35,4.0,gauss0.25arcmin,238,1196,15
1197,25.057333333333332,6.334666666666667,3.374933543275167e-06,4.412192318217388,29,4.0,gauss0.25arcmin,241,1197,15
1198,27.50266666666668,6.979333333333334,3.434175962365105e-06,4.411457039389381,49,4.0,gauss0.25arcmin,242,1198,15
1199,26.609333333333336,6.573333333333334,2.5880844282961876e-06,4.408980919291533,97,4.0,gauss0.4arcmin,1552,1199,15
1200,25.52933333333335,6.23,2.7581726575883655e-06,4.40895737354622,101,4.0,gauss0.35arcmin,1215,1200,15
1201,27.556666666666665,5.8180000000000005,3.4351429596547815e-06,4.408656689136519,39,4.0,gauss0.25arcmin,243,1201,15
1202,26.468000000000014,5.626,3.0715783998525997e-06,4.401862600299254,53,4.0,gauss0.3arcmin,769,1202,15
1203,25.03133333333335,6.510666666666667,2.7411136847237384e-06,4.400275843205779,66,4.0,gauss0.35arcmin,1221,1203,15
1204,25.816666666666674,6.056000000000001,3.4592418053731135e-06,4.399327899384203,31,4.0,gauss0.25arcmin,245,1204,15
1205,27.486000000000004,5.579333333333334,3.4720587486908977e-06,4.399129168603889,26,4.0,gauss0.25arcmin,246,1205,15
1206,26.121333333333332,6.964666666666668,3.287305121823554e-06,4.397778975867031,41,4.0,gauss0.25arcmin,247,1206,15
1207,25.43533333333334,7.304000000000001,3.2896677882439473e-06,4.397003837679673,39,4.0,gauss0.25arcmin,248,1207,15
1208,25.746000000000013,5.522000000000001,3.434185675155149e-06,4.395307930001464,38,4.0,gauss0.25arcmin,251,1208,15
1209,26.96933333333334,5.583333333333334,2.5723903259281165e-06,4.394768088986194,115,4.0,gauss0.45arcmin,1830,1209,15
1210,26.648,4.5726666666666675,3.543964009296099e-06,4.39448176984655,26,4.0,gauss0.25arcmin,252,1210,15
1211,25.04266666666668,6.206,3.371818861026943e-06,4.393213855959543,27,4.0,gauss0.25arcmin,253,1211,15
1212,26.43000000000001,5.505333333333334,3.473768457505739e-06,4.390677395766523,35,4.0,gauss0.25arcmin,254,1212,15
1213,26.85000000000001,5.3740000000000006,3.4742995186655164e-06,4.3898847517199995,34,4.0,gauss0.25arcmin,255,1213,15
1214,26.150666666666666,6.736000000000001,3.3661596164180646e-06,4.389548897013274,27,4.0,gauss0.25arcmin,256,1214,15
1215,26.080000000000005,6.170666666666667,2.3150262455717766e-06,4.3887728541375735,371,4.0,gauss0.75arcmin,2658,1215,15
1216,27.332,4.955333333333334,3.5062507147257047e-06,4.387908584458778,33,4.0,gauss0.25arcmin,257,1216,15
1217,26.103333333333328,5.701333333333335,3.4473658351397012e-06,4.38631320969154,37,4.0,gauss0.25arcmin,258,1217,15
1218,26.091333333333335,5.6080000000000005,3.0467291996410177e-06,4.385747919592481,46,4.0,gauss0.3arcmin,772,1218,15
1219,25.070000000000018,6.162000000000001,3.366817320458771e-06,4.384472424678407,30,4.0,gauss0.25arcmin,259,1219,15
1220,26.810666666666677,6.061333333333334,3.4436328024975083e-06,4.383090044161384,33,4.0,gauss0.25arcmin,260,1220,15
1221,25.591333333333342,7.4493333333333345,2.648332367902008e-06,4.38242239038915,61,4.0,gauss0.35arcmin,1226,1221,15
1222,24.489333333333338,6.200000000000001,3.3443282159689103e-06,4.378669960864389,41,4.0,gauss0.25arcmin,262,1222,15
1223,25.147333333333354,5.902000000000002,3.364843873389472e-06,4.378554184629134,41,4.0,gauss0.25arcmin,263,1223,15
1224,27.21000000000001,4.904000000000002,3.49878719224855e-06,4.378013011006994,35,4.0,gauss0.25arcmin,264,1224,15
1225,26.862000000000002,5.277333333333334,3.464682855891934e-06,4.377342285904371,32,4.0,gauss0.25arcmin,266,1225,15
1226,27.080666666666684,6.362000000000001,2.7832687764434246e-06,4.374708266847977,67,4.0,gauss0.35arcmin,1232,1226,15
1227,26.908666666666676,6.532000000000001,2.9951527252818096e-06,4.373894332809475,50,4.0,gauss0.3arcmin,779,1227,15
1228,26.01666666666666,7.380000000000001,3.249508446378915e-06,4.370051972161979,35,4.0,gauss0.25arcmin,268,1228,15
1229,27.380666666666666,5.603333333333334,2.4166267643433685e-06,4.369452297246552,189,4.0,gauss0.6arcmin,2359,1229,15
1230,26.43533333333333,5.767333333333334,2.307288265760429e-06,4.366507886564626,326,4.0,gauss0.75arcmin,2659,1230,15
1231,27.308666666666674,7.370666666666668,3.4155703326267785e-06,4.364694135249512,42,4.0,gauss0.25arcmin,271,1231,15
1232,26.184000000000015,4.656666666666667,3.1182834333613068e-06,4.362801084575862,53,4.0,gauss0.3arcmin,785,1232,15
1233,24.740666666666677,6.066666666666667,2.3686734481155456e-06,4.360591209811423,132,4.0,gauss0.5arcmin,2043,1233,15
1234,27.21866666666668,6.812000000000001,2.773099312386197e-06,4.360123265732037,81,4.0,gauss0.35arcmin,1237,1234,15
1235,24.76266666666667,4.561333333333334,3.514913007416676e-06,4.359928177713769,27,4.0,gauss0.25arcmin,273,1235,15
1236,26.408666666666683,7.376666666666668,3.295192919518256e-06,4.358478361687156,32,4.0,gauss0.25arcmin,274,1236,15
1237,26.59600000000001,4.563333333333334,3.5143128650710156e-06,4.358108236238147,34,4.0,gauss0.25arcmin,275,1237,15
1238,25.91333333333334,6.464666666666668,2.7059149148708476e-06,4.354395104653407,63,4.0,gauss0.35arcmin,1239,1238,15
1239,26.264666666666674,4.792666666666667,3.114301667707196e-06,4.353924759734366,51,4.0,gauss0.3arcmin,790,1239,15
1240,25.318666666666672,7.222666666666669,3.2570682428389018e-06,4.3533961360286995,32,4.0,gauss0.25arcmin,276,1240,15
1241,25.106666666666666,6.420000000000001,3.32254669692993e-06,4.353026830035042,46,4.0,gauss0.25arcmin,277,1241,15
1242,25.20866666666668,6.344666666666668,2.70206112625873e-06,4.352611521088141,61,4.0,gauss0.35arcmin,1240,1242,15
1243,27.242000000000004,5.897333333333334,3.405452546400607e-06,4.352511202882876,38,4.0,gauss0.25arcmin,279,1243,15
1244,24.694000000000006,4.645333333333334,2.4408999038738313e-06,4.351967872424663,378,4.0,gauss0.7arcmin,2573,1244,15
1245,26.093999999999994,6.480666666666668,3.33637162266237e-06,4.349555108361618,31,4.0,gauss0.25arcmin,280,1245,15
1246,24.423333333333332,4.588666666666668,3.112129746201991e-06,4.349395203766989,47,4.0,gauss0.3arcmin,794,1246,15
1247,26.959333333333337,7.134666666666668,3.381644182310998e-06,4.348110878467492,28,4.0,gauss0.25arcmin,281,1247,15
1248,25.369333333333334,7.012666666666668,2.3028606839896947e-06,4.348075988532722,105,4.0,gauss0.5arcmin,2048,1248,15
1249,26.296000000000003,5.754666666666667,3.420280866070278e-06,4.346919988120035,33,4.0,gauss0.25arcmin,282,1249,15
1250,27.250666666666675,5.820000000000001,3.4007152410522293e-06,4.344696288556777,34,4.0,gauss0.25arcmin,285,1250,15
1251,27.31466666666666,6.5166666666666675,2.5063716884585587e-06,4.343950297658182,95,4.0,gauss0.45arcmin,1841,1251,15
1252,26.83266666666667,4.812,3.4980688921050374e-06,4.343282974775544,34,4.0,gauss0.25arcmin,287,1252,15
1253,26.424,6.530666666666668,2.7075720395150664e-06,4.341657012446315,58,4.0,gauss0.35arcmin,1243,1253,15
1254,27.44066666666666,7.349333333333334,2.77502411254697e-06,4.341202476815942,65,4.0,gauss0.35arcmin,1244,1254,15
1255,27.531333333333347,5.451333333333334,2.7874563146096263e-06,4.340876562433826,75,4.0,gauss0.35arcmin,1245,1255,15
1256,25.561333333333344,4.481333333333334,3.4351004073703946e-06,4.338131589136986,30,4.0,gauss0.25arcmin,291,1256,15
1257,27.519999999999992,7.120666666666668,3.3787838780448723e-06,4.337453841895581,24,4.0,gauss0.25arcmin,292,1257,15
1258,27.156666666666666,4.672666666666667,3.0810090273212386e-06,4.336586896554549,46,4.0,gauss0.3arcmin,800,1258,15
1259,26.61466666666668,5.440666666666667,3.0252512291661714e-06,4.3314616822673395,46,4.0,gauss0.3arcmin,808,1259,15
1260,24.717999999999993,7.510666666666667,3.2714045068877636e-06,4.3311024623120415,35,4.0,gauss0.25arcmin,295,1260,15
1261,26.57133333333333,7.036666666666669,3.27765512522553e-06,4.329907250341124,32,4.0,gauss0.25arcmin,296,1261,15
1262,25.80733333333334,4.462666666666667,2.5391141053952245e-06,4.328342409046327,149,4.0,gauss0.55arcmin,2224,1262,15
1263,27.388666666666673,4.395333333333334,3.4416348679134418e-06,4.325496486437571,20,4.0,gauss0.25arcmin,297,1263,15
1264,25.19533333333333,4.667333333333334,3.442017060237585e-06,4.323974747238636,33,4.0,gauss0.25arcmin,298,1264,15
1265,24.950666666666667,6.438666666666667,2.3593275365182515e-06,4.322288417269897,114,4.0,gauss0.5arcmin,2056,1265,15
1266,25.84533333333334,5.672666666666667,3.0041957499465277e-06,4.321773025095703,43,4.0,gauss0.3arcmin,811,1266,15
1267,27.151333333333344,4.902666666666668,3.4537565016787613e-06,4.32165874008748,33,4.0,gauss0.25arcmin,300,1267,15
1268,27.58466666666667,6.395333333333334,2.9663036534179022e-06,4.320520372472874,40,4.0,gauss0.3arcmin,815,1268,15
1269,27.17933333333335,7.068666666666669,3.3778079125500717e-06,4.316557618710163,29,4.0,gauss0.25arcmin,302,1269,15
1270,24.65266666666668,5.077333333333334,3.4366589451632488e-06,4.316407385159758,34,4.0,gauss0.25arcmin,304,1270,15
1271,25.891333333333346,5.824000000000001,3.3964180902996464e-06,4.315953247157327,30,4.0,gauss0.25arcmin,305,1271,15
1272,26.89933333333334,4.630666666666667,3.4645871799769903e-06,4.315150845458762,24,4.0,gauss0.25arcmin,306,1272,15
1273,25.70066666666667,6.0566666666666675,2.735510076409428e-06,4.314808968239542,55,4.0,gauss0.35arcmin,1256,1273,15
1274,24.62666666666667,5.854000000000001,2.9312231865245176e-06,4.312607871747844,42,4.0,gauss0.3arcmin,819,1274,15
1275,26.459333333333344,5.7426666666666675,2.592502663101446e-06,4.312476317313386,66,4.0,gauss0.4arcmin,1585,1275,15
1276,24.898666666666674,7.224666666666669,3.271594280065743e-06,4.31188951551967,26,4.0,gauss0.25arcmin,308,1276,15
1277,25.604666666666667,7.130000000000001,3.218282687139434e-06,4.303621811048783,27,4.0,gauss0.25arcmin,310,1277,15
1278,26.136000000000013,5.152666666666668,3.394491857670942e-06,4.303375308091523,31,4.0,gauss0.25arcmin,311,1278,15
1279,24.690000000000015,6.566000000000001,3.2866639210772936e-06,4.30113907815619,22,4.0,gauss0.25arcmin,312,1279,15
1280,26.94066666666667,5.2153333333333345,3.009865528761133e-06,4.296622856411058,40,4.0,gauss0.3arcmin,830,1280,15
1281,25.096666666666668,6.8340000000000005,3.2700171919052786e-06,4.293312834519666,29,4.0,gauss0.25arcmin,320,1281,15
1282,26.52533333333335,4.680666666666667,3.0759929305247367e-06,4.291576778257391,40,4.0,gauss0.3arcmin,832,1282,15
1283,24.77266666666667,4.944666666666667,3.458916031659469e-06,4.290850042805976,27,4.0,gauss0.25arcmin,322,1283,15
1284,26.237333333333336,4.598000000000001,3.449614800129483e-06,4.2906066386315125,25,4.0,gauss0.25arcmin,323,1284,15
1285,25.675333333333352,6.462000000000001,2.3941418498223917e-06,4.28853546001481,87,4.0,gauss0.45arcmin,1855,1285,15
1286,27.28333333333333,7.222000000000002,3.3548537309658856e-06,4.287085167596581,24,4.0,gauss0.25arcmin,326,1286,15
1287,25.42666666666667,5.760000000000002,2.258468608624209e-06,4.286415390239433,134,4.0,gauss0.6arcmin,2371,1287,15
1288,24.556000000000008,5.652000000000001,3.3253808945281004e-06,4.286373466520726,33,4.0,gauss0.25arcmin,328,1288,15
1289,25.323333333333327,7.0246666666666675,3.208653278896296e-06,4.28624743825632,25,4.0,gauss0.25arcmin,329,1289,15
1290,25.856000000000005,6.138000000000001,3.371599368025063e-06,4.2856301034832756,26,4.0,gauss0.25arcmin,331,1290,15
1291,27.27266666666667,5.0006666666666675,3.0418281827524615e-06,4.285533514869168,39,4.0,gauss0.3arcmin,838,1291,15
1292,25.945333333333334,6.788666666666668,3.2812166664654295e-06,4.284306416435504,28,4.0,gauss0.25arcmin,333,1292,15
1293,25.795333333333343,4.754666666666667,2.4816288336071324e-06,4.283346609665262,198,4.0,gauss0.65arcmin,2486,1293,15
1294,24.68733333333333,7.157333333333335,2.494515965515205e-06,4.282682188081119,66,4.0,gauss0.4arcmin,1594,1294,15
1295,24.913333333333327,4.602666666666667,3.4532370561829743e-06,4.282596920088368,18,4.0,gauss0.25arcmin,334,1295,15
1296,25.599333333333345,7.1753333333333345,2.818632904790278e-06,4.278492387898614,39,4.0,gauss0.3arcmin,841,1296,15
1297,27.147333333333332,6.0133333333333345,2.4306602183692557e-06,4.278370291098593,97,4.0,gauss0.5arcmin,2066,1297,15
1298,27.48133333333335,6.8420000000000005,3.324614881294106e-06,4.277343616846162,25,4.0,gauss0.25arcmin,336,1298,15
1299,26.674666666666674,6.554000000000001,3.288570053289083e-06,4.27482092804768,25,4.0,gauss0.25arcmin,338,1299,15
1300,26.212666666666657,5.0806666666666676,3.0208757005079272e-06,4.27218643041881,43,4.0,gauss0.3arcmin,848,1300,15
1301,26.854666666666663,5.712666666666667,3.3652152065266697e-06,4.271788676738243,19,4.0,gauss0.25arcmin,339,1301,15
1302,27.037333333333336,6.248000000000001,3.3374663052238093e-06,4.270731667876741,26,4.0,gauss0.25arcmin,340,1302,15
1303,26.26933333333333,5.082666666666667,3.4045385189408676e-06,4.269213795053244,25,4.0,gauss0.25arcmin,341,1303,15
1304,25.446000000000005,4.8500000000000005,2.34492247578336e-06,4.268411667033793,402,4.0,gauss0.75arcmin,2668,1304,15
1305,26.22200000000002,4.762666666666667,3.4309756722491726e-06,4.268155258780542,21,4.0,gauss0.25arcmin,342,1305,15
1306,25.076666666666668,5.8146666666666675,3.27838454244932e-06,4.266768197785185,27,4.0,gauss0.25arcmin,343,1306,15
1307,24.77866666666668,6.578000000000001,3.26029217644047e-06,4.266627407451491,19,4.0,gauss0.25arcmin,344,1307,15
1308,24.692666666666675,6.773333333333334,2.8906068080598145e-06,4.266104197659509,35,4.0,gauss0.3arcmin,853,1308,15
1309,27.009333333333334,5.969333333333334,3.3368046823877533e-06,4.263848076139619,20,4.0,gauss0.25arcmin,345,1309,15
1310,27.09133333333335,4.484000000000001,3.015790394116961e-06,4.263433814226036,37,4.0,gauss0.3arcmin,856,1310,15
1311,27.253333333333334,6.640000000000001,3.3166351610640184e-06,4.262442811976769,26,4.0,gauss0.25arcmin,346,1311,15
1312,25.987999999999992,7.577333333333335,2.7734444499864908e-06,4.262419029980564,35,4.0,gauss0.3arcmin,858,1312,15
1313,24.665333333333336,6.9460000000000015,3.2384280083280852e-06,4.260733048918791,26,4.0,gauss0.25arcmin,347,1313,15
1314,27.306666666666683,5.062,3.3959155723135696e-06,4.260617804740814,24,4.0,gauss0.25arcmin,348,1314,15
1315,25.681333333333335,7.250000000000001,3.178625497955604e-06,4.2587851336283205,26,4.0,gauss0.25arcmin,349,1315,15
1316,24.413333333333334,6.686666666666668,2.642355473593323e-06,4.2563279687147375,48,4.0,gauss0.35arcmin,1279,1316,15
1317,25.849999999999994,6.396666666666667,3.270141497760281e-06,4.255886556018958,24,4.0,gauss0.25arcmin,351,1317,15
1318,25.34133333333333,5.297333333333334,3.2771714275625044e-06,4.251918332343133,27,4.0,gauss0.25arcmin,354,1318,15
1319,26.023333333333333,4.847333333333334,3.4159889161225157e-06,4.251539996317809,19,4.0,gauss0.25arcmin,356,1319,15
1320,25.96066666666668,6.406666666666667,2.192183376857688e-06,4.24751468232997,216,4.0,gauss0.65arcmin,2489,1320,15
1321,27.230666666666675,5.876666666666668,3.3223873651759884e-06,4.24622156024455,20,4.0,gauss0.25arcmin,357,1321,15
1322,27.27266666666667,5.782000000000001,3.3253928273841573e-06,4.244783612217289,17,4.0,gauss0.25arcmin,358,1322,15
1323,26.658666666666665,5.558666666666668,2.2920673881502356e-06,4.24409500191255,143,4.0,gauss0.65arcmin,2491,1323,15
1324,25.256666666666682,6.0120000000000005,3.2616339365375306e-06,4.242831330725121,14,4.0,gauss0.25arcmin,359,1324,15
1325,25.02933333333333,6.157333333333334,3.2570288613560498e-06,4.2425233849802675,17,4.0,gauss0.25arcmin,360,1325,15
1326,24.586666666666673,7.262000000000001,3.218719261427323e-06,4.242410704092125,25,4.0,gauss0.25arcmin,361,1326,15
1327,25.526666666666664,5.389333333333334,3.26907403801653e-06,4.241240601616786,22,4.0,gauss0.25arcmin,362,1327,15
1328,24.608,6.695333333333334,3.2395027894205933e-06,4.239535721496772,20,4.0,gauss0.25arcmin,364,1328,15
1329,24.747333333333327,5.986000000000001,3.2537616538135144e-06,4.238842144816906,22,4.0,gauss0.25arcmin,365,1329,15
1330,25.59000000000001,6.298000000000001,3.2447081857116288e-06,4.235150884719476,17,4.0,gauss0.25arcmin,367,1330,15
1331,27.390666666666664,5.076666666666667,3.3726825207182954e-06,4.234683524608686,27,4.0,gauss0.25arcmin,368,1331,15
1332,25.853333333333346,7.380000000000001,2.767936055111176e-06,4.234401378875945,29,4.0,gauss0.3arcmin,871,1332,15
1333,25.226000000000017,7.365333333333334,3.1673380387478253e-06,4.23172665766264,19,4.0,gauss0.25arcmin,370,1333,15
1334,26.76333333333334,5.316000000000001,2.711738717040015e-06,4.227769313784912,42,4.0,gauss0.35arcmin,1292,1334,15
1335,25.134666666666668,6.878000000000001,2.6027172141992764e-06,4.225770742471459,39,4.0,gauss0.35arcmin,1294,1335,15
1336,25.20666666666666,5.535333333333334,2.2293138314438256e-06,4.22391137619665,118,4.0,gauss0.65arcmin,2495,1336,15
1337,24.878666666666675,7.515333333333334,2.13253645192655e-06,4.223745431901554,157,4.0,gauss0.75arcmin,2674,1337,15
1338,26.299999999999994,4.491333333333334,3.384654559364165e-06,4.222941066308521,23,4.0,gauss0.25arcmin,371,1338,15
1339,26.214000000000013,5.879333333333334,3.3214041904658904e-06,4.220640552988494,22,4.0,gauss0.25arcmin,373,1339,15
1340,27.186,5.162000000000001,2.9634365120827117e-06,4.219452600434119,30,4.0,gauss0.3arcmin,883,1340,15
1341,26.080000000000005,6.547333333333334,3.23527160961241e-06,4.21811452608328,23,4.0,gauss0.25arcmin,374,1341,15
1342,27.058666666666667,5.158666666666667,3.34502438906816e-06,4.2175075887807605,20,4.0,gauss0.25arcmin,376,1342,15
1343,25.873333333333346,4.949333333333334,2.7911377154559184e-06,4.215372410749263,42,4.0,gauss0.35arcmin,1301,1343,15
1344,27.552666666666678,6.022000000000001,2.5386745463465023e-06,4.213650785807038,51,4.0,gauss0.4arcmin,1626,1344,15
1345,25.94200000000001,6.374666666666667,2.161609200103491e-06,4.212864979702221,174,4.0,gauss0.7arcmin,2590,1345,15
1346,25.34866666666667,5.892,3.237978922069445e-06,4.211979294392756,20,4.0,gauss0.25arcmin,378,1346,15
1347,26.947333333333344,6.050666666666667,2.918396939269407e-06,4.211230439494292,36,4.0,gauss0.3arcmin,885,1347,15
1348,25.091333333333345,6.622666666666667,2.1913592177023255e-06,4.2108735618407716,136,4.0,gauss0.6arcmin,2383,1348,15
1349,24.787333333333326,4.5200000000000005,2.7995929475737032e-06,4.210202225594161,37,4.0,gauss0.35arcmin,1305,1349,15
1350,25.84933333333333,6.321333333333334,2.313725032940817e-06,4.210195075687673,70,4.0,gauss0.5arcmin,2088,1350,15
1351,25.808000000000003,7.602,3.115729648589979e-06,4.207728155548349,18,4.0,gauss0.25arcmin,380,1351,15
1352,26.25266666666668,4.523333333333334,3.3763633778631185e-06,4.205230875491719,18,4.0,gauss0.25arcmin,382,1352,15
1353,26.537333333333343,4.583333333333334,3.3905824595695265e-06,4.2040273316752605,25,4.0,gauss0.25arcmin,383,1353,15
1354,26.130666666666666,5.528666666666667,2.918777778709968e-06,4.202640314884675,30,4.0,gauss0.3arcmin,893,1354,15
1355,24.740666666666677,7.518666666666666,2.584831672351295e-06,4.202357656437195,36,4.0,gauss0.35arcmin,1306,1355,15
1356,25.659333333333343,5.112666666666668,2.9232076978135503e-06,4.201442989192806,30,4.0,gauss0.3arcmin,895,1356,15
1357,26.856666666666683,5.461333333333335,3.3251014828679583e-06,4.201315337124259,18,4.0,gauss0.25arcmin,384,1357,15
1358,26.538000000000007,4.768000000000001,3.3868965301895846e-06,4.199135898797957,16,4.0,gauss0.25arcmin,386,1358,15
1359,26.61866666666667,7.136666666666668,2.803845458281628e-06,4.198256618303235,29,4.0,gauss0.3arcmin,899,1359,15
1360,25.320666666666668,4.388666666666667,3.3207360663239134e-06,4.194529471514827,13,4.0,gauss0.25arcmin,388,1360,15
1361,26.554000000000016,6.391333333333334,3.232334503256352e-06,4.194040411063472,20,4.0,gauss0.25arcmin,389,1361,15
1362,25.900000000000016,5.451333333333334,2.370744624716307e-06,4.193398861631336,72,4.0,gauss0.5arcmin,2091,1362,15
1363,27.210666666666675,7.208,3.2812664015253495e-06,4.193049964181439,23,4.0,gauss0.25arcmin,391,1363,15
1364,25.535333333333334,5.5406666666666675,2.32355668891366e-06,4.191073612116537,62,4.0,gauss0.5arcmin,2093,1364,15
1365,25.972666666666672,6.678000000000001,2.8342516309615935e-06,4.187410827071125,26,4.0,gauss0.3arcmin,909,1365,15
1366,26.460000000000008,7.512666666666668,3.153108235803176e-06,4.186250233575149,16,4.0,gauss0.25arcmin,396,1366,15
1367,26.43266666666667,5.670000000000001,2.3069912469517223e-06,4.185088886621707,83,4.0,gauss0.55arcmin,2259,1367,15
1368,26.647333333333336,5.636666666666668,3.30786847520843e-06,4.184913491368484,17,4.0,gauss0.25arcmin,397,1368,15
1369,25.597333333333324,5.838000000000001,3.2220038064752446e-06,4.184721121889549,15,4.0,gauss0.25arcmin,398,1369,15
1370,25.367333333333338,4.860666666666667,3.327522519103104e-06,4.184692528776568,14,4.0,gauss0.25arcmin,399,1370,15
1371,26.555333333333348,4.897333333333334,3.3735371292291227e-06,4.182665641380163,20,4.0,gauss0.25arcmin,400,1371,15
1372,27.522000000000013,5.634666666666668,2.911587509889938e-06,4.182585017653013,27,4.0,gauss0.3arcmin,912,1372,15
1373,27.391999999999996,5.753333333333335,3.2792807227482467e-06,4.180935572276985,19,4.0,gauss0.25arcmin,404,1373,15
1374,25.414666666666676,4.704000000000001,3.3241594942825754e-06,4.180442999027164,16,4.0,gauss0.25arcmin,405,1374,15
1375,26.799333333333347,6.244666666666667,2.6524596214232606e-06,4.1798016389841814,31,4.0,gauss0.35arcmin,1315,1375,15
1376,26.422000000000004,5.279333333333334,2.918981500663849e-06,4.179726346154893,25,4.0,gauss0.3arcmin,914,1376,15
1377,25.516666666666666,4.368666666666667,2.9442610892874153e-06,4.179425102327719,27,4.0,gauss0.3arcmin,915,1377,15
1378,26.327333333333332,6.2553333333333345,2.8827788781637027e-06,4.173965260234791,26,4.0,gauss0.3arcmin,920,1378,15
1379,27.503333333333345,4.539333333333334,3.3176802565296276e-06,4.173590627141838,18,4.0,gauss0.25arcmin,406,1379,15
1380,27.670666666666673,6.258666666666668,2.873396512932742e-06,4.172090392304444,26,4.0,gauss0.3arcmin,922,1380,15
1381,24.717999999999993,6.257333333333334,2.0987834588308555e-06,4.171696717806298,148,4.0,gauss0.75arcmin,2678,1381,15
1382,24.480000000000004,6.116666666666668,3.185599552631131e-06,4.169635125442253,18,4.0,gauss0.25arcmin,407,1382,15
1383,24.51,7.306000000000001,3.153608297148056e-06,4.169198958030947,14,4.0,gauss0.25arcmin,408,1383,15
1384,25.509333333333352,4.493333333333334,3.3006244198911853e-06,4.169056091339426,14,4.0,gauss0.25arcmin,409,1384,15
1385,24.966666666666676,5.9413333333333345,3.1992938517143586e-06,4.1677291523240045,13,4.0,gauss0.25arcmin,410,1385,15
1386,26.68066666666666,4.860666666666667,2.9869564769911095e-06,4.167387228226725,26,4.0,gauss0.3arcmin,925,1386,15
1387,27.295333333333353,4.880666666666667,3.328662619437255e-06,4.165092151650986,17,4.0,gauss0.25arcmin,412,1387,15
1388,27.30533333333335,6.7940000000000005,3.241903436017026e-06,4.165058010721743,11,4.0,gauss0.25arcmin,413,1388,15
1389,25.786666666666672,7.435333333333334,2.4957049868701703e-06,4.164572974544063,33,4.0,gauss0.35arcmin,1325,1389,15
1390,24.811333333333337,7.220000000000001,3.1597073583579953e-06,4.164346518442907,21,4.0,gauss0.25arcmin,414,1390,15
1391,26.321333333333346,5.760666666666667,3.2765044097518795e-06,4.164117423095343,13,4.0,gauss0.25arcmin,415,1391,15
1392,26.334000000000007,4.957333333333334,2.4797221419596798e-06,4.162589802580309,60,4.0,gauss0.5arcmin,2099,1392,15
1393,26.28133333333335,6.094666666666668,3.2739392405244957e-06,4.162031080838214,18,4.0,gauss0.25arcmin,419,1393,15
1394,27.23866666666668,4.551333333333334,3.323953187572307e-06,4.160963756305223,16,4.0,gauss0.25arcmin,420,1394,15
1395,26.149333333333338,6.3660000000000005,2.598217222692119e-06,4.160660873676302,28,4.0,gauss0.35arcmin,1327,1395,15
1396,26.38200000000001,7.498000000000001,2.201482526102249e-06,4.160521351927283,54,4.0,gauss0.5arcmin,2102,1396,15
1397,26.807333333333354,7.444666666666667,2.4095735677166696e-06,4.160409773222315,35,4.0,gauss0.4arcmin,1647,1397,15
1398,24.892666666666663,7.126000000000001,3.156658511279567e-06,4.160376263370111,10,4.0,gauss0.25arcmin,421,1398,15
1399,25.548666666666684,6.309333333333334,2.097473140838248e-06,4.160148128227767,183,4.0,gauss0.75arcmin,2681,1399,15
1400,27.461333333333354,4.955333333333334,2.729780585899225e-06,4.1595035239300095,27,4.0,gauss0.35arcmin,1329,1400,15
1401,26.98266666666666,7.370000000000001,3.24315837028151e-06,4.159171707678114,16,4.0,gauss0.25arcmin,423,1401,15
1402,26.535333333333348,6.9173333333333344,2.795309201614404e-06,4.158114861447688,25,4.0,gauss0.3arcmin,928,1402,15
1403,27.108666666666664,6.159333333333334,3.2529077073472606e-06,4.158004399977062,12,4.0,gauss0.25arcmin,424,1403,15
1404,26.84533333333333,7.009333333333334,2.801018056345028e-06,4.157645051916101,23,4.0,gauss0.3arcmin,929,1404,15
1405,25.31066666666667,7.091333333333334,2.3691546078561325e-06,4.157297140740924,37,4.0,gauss0.4arcmin,1648,1405,15
1406,26.314000000000007,6.745333333333335,3.1927146310825232e-06,4.156337111343461,16,4.0,gauss0.25arcmin,427,1406,15
1407,25.21266666666667,5.474666666666668,3.2048288888449e-06,4.156285937728803,16,4.0,gauss0.25arcmin,428,1407,15
1408,25.73666666666668,7.198000000000001,2.028668156079987e-06,4.155249689014755,95,4.0,gauss0.7arcmin,2598,1408,15
1409,24.480666666666668,5.719333333333334,3.1907976487566325e-06,4.153293338802255,13,4.0,gauss0.25arcmin,429,1409,15
1410,24.682666666666677,5.275333333333334,2.2576299853546747e-06,4.152490312684738,69,4.0,gauss0.55arcmin,2271,1410,15
1411,24.824666666666662,6.670666666666667,2.5900186025831963e-06,4.15246310107784,29,4.0,gauss0.35arcmin,1337,1411,15
1412,24.556666666666676,5.276000000000001,2.4920791608991175e-06,4.152138584493609,38,4.0,gauss0.4arcmin,1651,1412,15
1413,25.147333333333354,5.862000000000001,3.1871726002898884e-06,4.147217095554022,15,4.0,gauss0.25arcmin,430,1413,15
1414,26.996666666666677,7.218666666666668,2.8699241520177714e-06,4.147072308787297,19,4.0,gauss0.3arcmin,936,1414,15
1415,26.87600000000002,5.4173333333333344,2.3480876318708546e-06,4.146763337824857,57,4.0,gauss0.5arcmin,2106,1415,15
1416,24.862000000000002,6.308666666666667,2.8128741586840785e-06,4.145289235143878,20,4.0,gauss0.3arcmin,938,1416,15
1417,24.832666666666668,7.379333333333334,3.1443477418470143e-06,4.144139018029164,12,4.0,gauss0.25arcmin,431,1417,15
1418,25.408,7.296666666666668,3.098791955403376e-06,4.141876211433604,12,4.0,gauss0.25arcmin,433,1418,15
1419,26.31999999999999,5.354666666666668,3.2670780249398715e-06,4.1416102298265205,13,4.0,gauss0.25arcmin,434,1419,15
1420,25.791333333333327,5.634,3.244687809220796e-06,4.139310133392572,15,4.0,gauss0.25arcmin,435,1420,15
1421,26.76933333333335,5.019333333333334,2.956456806903925e-06,4.13765756080848,24,4.0,gauss0.3arcmin,950,1421,15
1422,27.106000000000005,4.854000000000001,3.304303097939936e-06,4.134556304832344,14,4.0,gauss0.25arcmin,438,1422,15
1423,26.03000000000001,6.257333333333334,3.2317252276764986e-06,4.133782914406852,15,4.0,gauss0.25arcmin,440,1423,15
1424,27.30800000000001,4.647333333333334,3.3034403233263917e-06,4.133517877257739,10,4.0,gauss0.25arcmin,441,1424,15
1425,26.45000000000001,6.007333333333334,3.247728874482333e-06,4.131912757691681,16,4.0,gauss0.25arcmin,442,1425,15
1426,24.665333333333336,5.526666666666667,2.245072737729909e-06,4.131051208877874,67,4.0,gauss0.55arcmin,2275,1426,15
1427,25.263333333333332,6.886000000000001,2.057237516896786e-06,4.13048272025806,172,4.0,gauss0.75arcmin,2685,1427,15
1428,27.24666666666666,5.5360000000000005,3.2686322013663254e-06,4.1288974221603,10,4.0,gauss0.25arcmin,444,1428,15
1429,26.04866666666668,5.759333333333334,2.4936531621559956e-06,4.128340851482094,27,4.0,gauss0.4arcmin,1664,1429,15
1430,27.42333333333335,7.555333333333335,3.2153190923534967e-06,4.127916528106793,11,4.0,gauss0.25arcmin,445,1430,15
1431,26.770666666666678,7.008000000000001,2.387402547635285e-06,4.127818769814863,31,4.0,gauss0.4arcmin,1665,1431,15
1432,26.263333333333346,5.310666666666667,3.2472686298266464e-06,4.127638255090565,14,4.0,gauss0.25arcmin,446,1432,15
1433,27.547999999999995,5.6560000000000015,3.243100952531838e-06,4.127515810126592,10,4.0,gauss0.25arcmin,447,1433,15
1434,24.861333333333334,7.055333333333334,3.131891749590084e-06,4.127410917583805,13,4.0,gauss0.25arcmin,448,1434,15
1435,27.140666666666682,5.745333333333334,2.6437415846195744e-06,4.127322788771937,23,4.0,gauss0.35arcmin,1354,1435,15
1436,26.55933333333334,6.994000000000001,3.127104880756382e-06,4.127016311253408,12,4.0,gauss0.25arcmin,449,1436,15
1437,25.265333333333327,7.046000000000001,3.0882079774387385e-06,4.126249950890465,13,4.0,gauss0.25arcmin,450,1437,15
1438,26.57133333333333,4.958666666666668,2.9559320528649923e-06,4.125879917556524,19,4.0,gauss0.3arcmin,957,1438,15
1439,26.94866666666667,7.375333333333335,3.2032541264665133e-06,4.1250187193701935,7,4.0,gauss0.25arcmin,451,1439,15
1440,27.267333333333323,4.372666666666667,2.9174584838604333e-06,4.124499198249164,17,4.0,gauss0.3arcmin,961,1440,15
1441,25.954666666666668,4.707333333333334,2.946062101074849e-06,4.122356646740677,16,4.0,gauss0.3arcmin,963,1441,15
1442,27.142666666666678,5.407333333333334,3.2574339023558007e-06,4.114411267216136,12,4.0,gauss0.25arcmin,455,1442,15
1443,25.11200000000001,4.612000000000002,3.2912426692884554e-06,4.1143073778116435,10,4.0,gauss0.25arcmin,456,1443,15
1444,26.240666666666662,5.264000000000001,3.234117271374023e-06,4.113945275307069,10,4.0,gauss0.25arcmin,457,1444,15
1445,26.25066666666666,5.630666666666667,3.2349259350109164e-06,4.113734260933125,8,4.0,gauss0.25arcmin,458,1445,15
1446,25.24266666666667,7.152666666666668,2.4891618996405058e-06,4.113478270445846,22,4.0,gauss0.35arcmin,1362,1446,15
1447,26.61866666666667,5.299333333333335,3.2540627521336613e-06,4.111935672581696,10,4.0,gauss0.25arcmin,461,1447,15
1448,26.69933333333333,4.468000000000001,2.7160598903491145e-06,4.110182502264033,19,4.0,gauss0.35arcmin,1364,1448,15
1449,26.720000000000017,7.312000000000001,2.7453413681551145e-06,4.110080769740979,18,4.0,gauss0.3arcmin,971,1449,15
1450,26.66266666666668,7.280000000000002,3.1100952786638004e-06,4.109883002538747,11,4.0,gauss0.25arcmin,464,1450,15
1451,25.653999999999996,7.039333333333334,3.071145392540486e-06,4.109519874152725,8,4.0,gauss0.25arcmin,465,1451,15
1452,25.480666666666682,6.600666666666667,2.5411098050059513e-06,4.107918892340569,19,4.0,gauss0.35arcmin,1365,1452,15
1453,24.669333333333327,4.802666666666667,3.311791184249637e-06,4.106925825817364,13,4.0,gauss0.25arcmin,467,1453,15
1454,26.869333333333344,5.125333333333334,3.2679802347402987e-06,4.1059473313393475,11,4.0,gauss0.25arcmin,468,1454,15
1455,25.489333333333352,4.392000000000001,3.2501790366054655e-06,4.1053984217198,10,4.0,gauss0.25arcmin,469,1455,15
1456,27.124000000000006,5.511333333333334,3.248555249233464e-06,4.1033112071949915,9,4.0,gauss0.25arcmin,471,1456,15
1457,25.71933333333334,6.870000000000001,2.745294974747596e-06,4.102858484364126,16,4.0,gauss0.3arcmin,981,1457,15
1458,25.839999999999996,7.331333333333333,2.681181620672345e-06,4.101399051222189,13,4.0,gauss0.3arcmin,983,1458,15
1459,26.794666666666668,5.219333333333334,3.247092808935094e-06,4.100346399235391,9,4.0,gauss0.25arcmin,472,1459,15
1460,24.67866666666666,5.351333333333334,3.192769783783352e-06,4.100018580262592,13,4.0,gauss0.25arcmin,473,1460,15
1461,27.472000000000016,5.502000000000001,2.2934089523561195e-06,4.099286318308934,48,4.0,gauss0.55arcmin,2283,1461,15
1462,27.48666666666667,7.092666666666668,2.8366418237632528e-06,4.098930322937476,17,4.0,gauss0.3arcmin,985,1462,15
1463,24.928666666666672,5.158666666666667,3.2128483501087737e-06,4.098663081037108,11,4.0,gauss0.25arcmin,474,1463,15
1464,25.856000000000005,5.099333333333334,3.2544176094423557e-06,4.098527540596542,8,4.0,gauss0.25arcmin,476,1464,15
1465,25.99799999999999,5.921333333333334,2.3003883557156973e-06,4.098121703212272,37,4.0,gauss0.5arcmin,2123,1465,15
1466,25.02400000000001,7.514000000000001,3.0896881234595184e-06,4.097932309274239,12,4.0,gauss0.25arcmin,477,1466,15
1467,25.69933333333334,7.442000000000001,3.0540820115810025e-06,4.09586129777527,9,4.0,gauss0.25arcmin,478,1467,15
1468,24.404,4.8340000000000005,3.287137968531152e-06,4.095544105846603,10,4.0,gauss0.25arcmin,479,1468,15
1469,26.748666666666686,6.7826666666666675,3.1484944113423815e-06,4.094794518313343,11,4.0,gauss0.25arcmin,481,1469,15
1470,26.033333333333335,6.118666666666668,3.2222943701669262e-06,4.094462416344198,8,4.0,gauss0.25arcmin,482,1470,15
1471,27.468,5.6560000000000015,3.227984532747065e-06,4.09444758660062,9,4.0,gauss0.25arcmin,483,1471,15
1472,25.811333333333327,7.4060000000000015,2.4516419978980656e-06,4.092365059004942,16,4.0,gauss0.35arcmin,1375,1472,15
1473,24.820000000000007,5.881333333333334,3.1412964335692425e-06,4.092137878468562,11,4.0,gauss0.25arcmin,485,1473,15
1474,26.464666666666663,6.867333333333335,3.131155965752796e-06,4.091385232556272,10,4.0,gauss0.25arcmin,488,1474,15
1475,25.707333333333345,4.444666666666667,2.6843433526942113e-06,4.090570923278345,18,4.0,gauss0.35arcmin,1378,1475,15
1476,26.548666666666673,6.270666666666667,2.8173683245737515e-06,4.089883926503504,10,4.0,gauss0.3arcmin,991,1476,15
1477,24.714000000000006,7.0373333333333346,3.103436854377402e-06,4.089619283265503,8,4.0,gauss0.25arcmin,489,1477,15
1478,26.682000000000013,7.576000000000001,2.719004681370539e-06,4.089599457021298,14,4.0,gauss0.3arcmin,992,1478,15
1479,26.94866666666667,6.403333333333334,2.587771593760043e-06,4.086676299285795,16,4.0,gauss0.35arcmin,1381,1479,15
1480,26.939333333333337,5.504666666666667,3.2324981875655316e-06,4.083508273145534,11,4.0,gauss0.25arcmin,491,1480,15
1481,25.534000000000006,5.596000000000001,3.1440642519850757e-06,4.079535589924373,9,4.0,gauss0.25arcmin,494,1481,15
1482,25.178666666666683,5.391333333333334,2.3313303095390566e-06,4.078569363611921,23,4.0,gauss0.45arcmin,1931,1482,15
1483,27.49533333333334,6.9460000000000015,3.1739797068981017e-06,4.077780937566137,7,4.0,gauss0.25arcmin,495,1483,15
1484,25.080000000000016,4.5086666666666675,2.55131080695897e-06,4.0768561305129305,17,4.0,gauss0.4arcmin,1693,1484,15
1485,26.48800000000001,5.766000000000002,3.2068627072720273e-06,4.075555107340944,6,4.0,gauss0.25arcmin,498,1485,15
1486,26.168000000000006,5.244666666666667,3.1990011164197955e-06,4.074105886419437,7,4.0,gauss0.25arcmin,499,1486,15
1487,25.36333333333335,6.442000000000001,3.1055831660099074e-06,4.073907443894947,8,4.0,gauss0.25arcmin,500,1487,15
1488,26.12933333333334,6.6606666666666685,3.1243623099200735e-06,4.073482843786131,6,4.0,gauss0.25arcmin,501,1488,15
1489,25.80333333333335,5.876,3.1997169360639824e-06,4.07125097942718,8,4.0,gauss0.25arcmin,502,1489,15
1490,24.93,7.222000000000002,3.0876687682887123e-06,4.069725896119994,7,4.0,gauss0.25arcmin,503,1490,15
1491,27.40466666666668,4.838666666666668,3.251841462601484e-06,4.06912440974817,8,4.0,gauss0.25arcmin,504,1491,15
1492,25.29933333333334,5.696000000000001,3.1320244204851804e-06,4.068725164677925,6,4.0,gauss0.25arcmin,505,1492,15
1493,27.380666666666666,5.144666666666668,3.2285169492853396e-06,4.068334638374793,8,4.0,gauss0.25arcmin,507,1493,15
1494,24.609333333333332,5.153333333333334,3.1896215900983262e-06,4.0656594294838495,8,4.0,gauss0.25arcmin,510,1494,15
1495,25.037333333333336,5.8146666666666675,3.122085534184351e-06,4.064107367084491,5,4.0,gauss0.25arcmin,511,1495,15
1496,27.405333333333346,6.224666666666668,3.1758186611894025e-06,4.062172913313944,6,4.0,gauss0.25arcmin,515,1496,15
1497,25.32866666666667,5.088000000000001,2.475537997963249e-06,4.061027455630175,14,4.0,gauss0.4arcmin,1703,1497,15
1498,26.076666666666682,6.358666666666667,3.1291009564406315e-06,4.059730443198357,7,4.0,gauss0.25arcmin,516,1498,15
1499,26.473333333333333,7.238000000000001,3.070654194508853e-06,4.058128950734934,7,4.0,gauss0.25arcmin,518,1499,15
1500,26.36866666666666,6.277333333333334,3.1639809798901396e-06,4.057392496026519,5,4.0,gauss0.25arcmin,519,1500,15
1501,26.059333333333342,7.014666666666668,2.021010313556654e-06,4.057211948946025,26,4.0,gauss0.6arcmin,2416,1501,15
1502,26.735333333333337,7.163333333333334,2.4885726662203276e-06,4.056858747859435,12,4.0,gauss0.35arcmin,1405,1502,15
1503,26.00533333333333,6.4573333333333345,2.746572257004241e-06,4.056722222120046,9,4.0,gauss0.3arcmin,1016,1503,15
1504,26.22200000000002,7.418000000000002,2.6577155161474637e-06,4.055582973266736,7,4.0,gauss0.3arcmin,1018,1504,15
1505,25.756666666666675,4.973333333333334,3.248948401216689e-06,4.054823700388684,4,4.0,gauss0.25arcmin,524,1505,15
1506,26.928000000000008,5.725333333333334,3.186129128725994e-06,4.051522798138677,4,4.0,gauss0.25arcmin,526,1506,15
1507,25.20533333333333,4.634,3.224208890046307e-06,4.051471310858981,4,4.0,gauss0.25arcmin,527,1507,15
1508,25.365333333333346,7.2553333333333345,3.0307908683035637e-06,4.0509830331170065,6,4.0,gauss0.25arcmin,528,1508,15
1509,26.27666666666667,6.520666666666668,2.5201309961714835e-06,4.050482682194013,11,4.0,gauss0.35arcmin,1411,1509,15
1510,26.209999999999997,5.471333333333334,3.178994568060529e-06,4.047813458353293,5,4.0,gauss0.25arcmin,529,1510,15
1511,25.460666666666683,6.000000000000001,2.757301275691263e-06,4.047619081413351,8,4.0,gauss0.3arcmin,1022,1511,15
1512,25.946666666666665,4.638000000000002,2.8926086071786202e-06,4.047572265934768,9,4.0,gauss0.3arcmin,1023,1512,15
1513,24.785999999999994,6.114666666666667,3.1064275957308893e-06,4.046953456815926,3,4.0,gauss0.25arcmin,530,1513,15
1514,25.13066666666668,6.253333333333334,3.1030704291649336e-06,4.045569421224745,5,4.0,gauss0.25arcmin,531,1514,15
1515,24.508000000000006,5.302666666666667,2.5626188908572756e-06,4.043926277839366,10,4.0,gauss0.35arcmin,1417,1515,15
1516,26.648,5.379333333333334,3.1969832910898402e-06,4.0399136947338965,3,4.0,gauss0.25arcmin,535,1516,15
1517,25.018,4.656666666666667,2.384353601631738e-06,4.038502165028726,12,4.0,gauss0.5arcmin,2146,1517,15
1518,27.00466666666668,6.0520000000000005,3.1600913299384183e-06,4.037900133186228,5,4.0,gauss0.25arcmin,537,1518,15
1519,27.349333333333337,6.336000000000001,3.146654407832438e-06,4.037474503175822,4,4.0,gauss0.25arcmin,538,1519,15
1520,25.341999999999995,5.844666666666668,2.749125462954582e-06,4.0355309090237625,5,4.0,gauss0.3arcmin,1030,1520,15
1521,26.326,5.2666666666666675,3.184464236633786e-06,4.035241645041879,4,4.0,gauss0.25arcmin,539,1521,15
1522,24.950666666666667,4.508000000000001,3.242288128812162e-06,4.034506941759206,2,4.0,gauss0.25arcmin,540,1522,15
1523,25.256666666666682,7.375333333333335,3.0179354066893402e-06,4.033280216217258,5,4.0,gauss0.25arcmin,542,1523,15
1524,26.178666666666672,5.034666666666667,2.655994481995209e-06,4.032121154418288,6,4.0,gauss0.35arcmin,1428,1524,15
1525,26.05066666666667,5.0086666666666675,2.449455836224807e-06,4.03093137957102,9,4.0,gauss0.45arcmin,1956,1525,15
1526,25.575999999999997,6.170000000000001,3.100062265956011e-06,4.030420811488126,4,4.0,gauss0.25arcmin,544,1526,15
1527,27.60333333333334,6.260000000000001,3.133758230738273e-06,4.029774725035243,3,4.0,gauss0.25arcmin,545,1527,15
1528,25.701999999999998,6.982666666666668,2.652289998321213e-06,4.028741886773087,4,4.0,gauss0.3arcmin,1037,1528,15
1529,27.376666666666676,5.506666666666669,3.1894719223759345e-06,4.028689989244161,3,4.0,gauss0.25arcmin,546,1529,15
1530,24.84933333333334,6.337333333333334,2.732475589157782e-06,4.02854199006707,5,4.0,gauss0.3arcmin,1039,1530,15
1531,27.535333333333337,6.103333333333335,3.136383907610279e-06,4.027084378649938,3,4.0,gauss0.25arcmin,548,1531,15
1532,25.568666666666683,7.340666666666668,3.0117653639871173e-06,4.0261813079773425,2,4.0,gauss0.25arcmin,549,1532,15
1533,25.970666666666677,4.4013333333333335,3.2205184055296472e-06,4.025931679416425,4,4.0,gauss0.25arcmin,550,1533,15
1534,25.180666666666678,6.1240000000000006,3.0933255475095802e-06,4.024649693911098,2,4.0,gauss0.25arcmin,551,1534,15
1535,25.890666666666682,6.440666666666668,2.185335051560028e-06,4.024389533062028,14,4.0,gauss0.5arcmin,2150,1535,15
1536,24.811333333333337,7.405333333333335,3.053267616659241e-06,4.024229543911579,3,4.0,gauss0.25arcmin,552,1536,15
1537,25.487999999999996,5.348666666666667,3.101457700756414e-06,4.024070466394036,2,4.0,gauss0.25arcmin,553,1537,15
1538,26.392000000000007,6.5486666666666675,3.0946840228994813e-06,4.023813651579838,4,4.0,gauss0.25arcmin,554,1538,15
1539,25.69400000000002,6.0406666666666675,3.1266628571667303e-06,4.0225393727030845,2,4.0,gauss0.25arcmin,557,1539,15
1540,26.742666666666675,6.041333333333334,2.790543482682725e-06,4.022352219355078,4,4.0,gauss0.3arcmin,1046,1540,15
1541,25.38600000000001,4.943333333333334,3.1966228438811828e-06,4.021230079446582,2,4.0,gauss0.25arcmin,558,1541,15
1542,25.852000000000015,7.174000000000001,2.628543263524819e-06,4.021100189429074,3,4.0,gauss0.3arcmin,1047,1542,15
1543,26.24933333333333,5.138666666666667,2.5984668211442764e-06,4.020712519951034,5,4.0,gauss0.35arcmin,1433,1543,15
1544,26.272000000000016,4.852666666666667,2.665245543510939e-06,4.020693336520568,5,4.0,gauss0.35arcmin,1434,1544,15
1545,27.041333333333327,6.5726666666666675,2.5545462624464026e-06,4.020048049477661,4,4.0,gauss0.35arcmin,1435,1545,15
1546,26.99133333333333,5.892,3.1433157710486766e-06,4.015870904366667,2,4.0,gauss0.25arcmin,560,1546,15
1547,25.282666666666664,6.118000000000001,3.0864932141514916e-06,4.015074122890566,1,4.0,gauss0.25arcmin,561,1547,15
1548,25.09733333333333,7.214,3.0255327986602595e-06,4.014751914896856,1,4.0,gauss0.25arcmin,562,1548,15
1549,27.06666666666667,4.618,2.241870048087674e-06,4.013287466075822,9,4.0,gauss0.65arcmin,2529,1549,15
1550,27.431333333333328,6.201333333333334,3.1365220252890065e-06,4.011173939714492,1,4.0,gauss0.25arcmin,565,1550,15
1551,25.162000000000006,6.122000000000001,3.0823440308226993e-06,4.010721408734232,1,4.0,gauss0.25arcmin,568,1551,15
1552,25.415333333333344,6.253333333333334,3.075411634966126e-06,4.008844513538318,2,4.0,gauss0.25arcmin,569,1552,15
1553,25.76466666666668,7.494666666666667,2.9714781681328155e-06,4.006940142471356,1,4.0,gauss0.25arcmin,570,1553,15
1554,27.517333333333333,6.552666666666667,2.7495254717399865e-06,4.006227664068876,1,4.0,gauss0.3arcmin,1062,1554,15
1555,25.369333333333334,5.590000000000001,3.0859540563947326e-06,4.004533314962152,2,4.0,gauss0.25arcmin,571,1555,15
1556,24.735999999999997,6.8180000000000005,3.056562930267733e-06,4.003126112234146,1,4.0,gauss0.25arcmin,572,1556,15
1557,25.60866666666668,4.739333333333334,3.1857669118838374e-06,4.00275120577968,2,4.0,gauss0.25arcmin,573,1557,15
1558,26.80000000000001,4.685333333333334,3.931461065050088e-06,5.066156713970645,67,4.0,gauss0.25arcmin,0,1558,16
1559,27.014000000000014,6.901333333333334,3.7413773215881505e-06,4.960310658643167,104,4.0,gauss0.25arcmin,1,1559,16
1560,26.117333333333345,6.172000000000001,2.3677909716481454e-06,4.860838479560752,858,4.0,gauss0.75arcmin,572,1560,16
1561,25.294666666666686,6.5200000000000005,3.5343890602150093e-06,4.790719374185765,65,4.0,gauss0.25arcmin,2,1561,16
1562,25.951333333333345,6.452000000000001,2.2647318615708883e-06,4.773865816480047,817,4.0,gauss0.75arcmin,573,1562,16
1563,24.53266666666666,4.602,2.6771771881755046e-06,4.633884199868789,158,4.0,gauss0.45arcmin,343,1563,16
1564,26.209999999999997,4.855333333333334,3.569664967737388e-06,4.611178147386025,38,4.0,gauss0.25arcmin,3,1564,16
1565,25.477999999999998,4.820000000000001,2.891488185885341e-06,4.609425335010193,94,4.0,gauss0.35arcmin,221,1565,16
1566,26.354000000000003,6.010666666666667,2.260561584089334e-06,4.587373161391619,388,4.0,gauss0.7arcmin,544,1566,16
1567,26.68066666666666,5.152000000000001,3.5077485963718254e-06,4.581522069236721,43,4.0,gauss0.25arcmin,4,1567,16
1568,25.105333333333334,7.120000000000001,3.276521249051703e-06,4.49839286411064,29,4.0,gauss0.25arcmin,5,1568,16
1569,25.356000000000012,5.472666666666667,3.3590363911494445e-06,4.490259413419309,41,4.0,gauss0.25arcmin,6,1569,16
1570,24.92,7.230000000000002,3.2704539487462357e-06,4.464120771403805,49,4.0,gauss0.25arcmin,7,1570,16
1571,25.575999999999997,5.496666666666667,3.336315342080456e-06,4.458088918641005,42,4.0,gauss0.25arcmin,8,1571,16
1572,25.414000000000012,4.605333333333334,2.6398059850570008e-06,4.457691905344024,100,4.0,gauss0.4arcmin,288,1572,16
1573,24.619999999999994,5.9346666666666685,3.321239453423953e-06,4.451091632496576,47,4.0,gauss0.25arcmin,9,1573,16
1574,26.028000000000013,6.086666666666668,2.208230101400807e-06,4.449027348683632,224,4.0,gauss0.65arcmin,512,1574,16
1575,25.318666666666672,6.702000000000001,2.204926380649919e-06,4.443249954232523,169,4.0,gauss0.55arcmin,434,1575,16
1576,27.262666666666668,7.228666666666667,2.5400934982641137e-06,4.426277455734019,82,4.0,gauss0.4arcmin,290,1576,16
1577,24.744666666666667,4.558666666666667,3.4497242125691065e-06,4.411531894055473,43,4.0,gauss0.25arcmin,11,1577,16
1578,25.328000000000007,6.883333333333335,3.2307913378951223e-06,4.410831946563272,37,4.0,gauss0.25arcmin,12,1578,16
1579,26.677333333333333,4.442666666666668,2.3138217247832855e-06,4.4058049560497,341,4.0,gauss0.75arcmin,575,1579,16
1580,27.22866666666668,5.856000000000001,2.906949591925116e-06,4.382706517657508,49,4.0,gauss0.3arcmin,144,1580,16
1581,27.376666666666676,4.8260000000000005,2.2647469741449934e-06,4.365250904476555,336,4.0,gauss0.75arcmin,577,1581,16
1582,26.39666666666666,5.8020000000000005,2.1968728394471694e-06,4.359924632819085,163,4.0,gauss0.6arcmin,477,1582,16
1583,26.793333333333337,6.0520000000000005,2.6495868432052207e-06,4.358220423795172,58,4.0,gauss0.35arcmin,227,1583,16
1584,24.52600000000001,6.968000000000001,3.191622495995088e-06,4.3573012306217835,27,4.0,gauss0.25arcmin,13,1584,16
1585,25.35466666666668,5.022666666666668,3.3329973218848746e-06,4.3374634641348075,31,4.0,gauss0.25arcmin,14,1585,16
1586,25.970666666666677,6.373333333333334,3.240204207039193e-06,4.335806780901997,23,4.0,gauss0.25arcmin,15,1586,16
1587,24.750666666666678,6.325333333333334,2.5942297179974768e-06,4.33096779084886,89,4.0,gauss0.35arcmin,228,1587,16
1588,26.720000000000017,4.493333333333334,2.270290186784566e-06,4.323145011363362,249,4.0,gauss0.75arcmin,578,1588,16
1589,24.817333333333348,6.344666666666668,2.0519637729221765e-06,4.318974132045942,312,4.0,gauss0.75arcmin,579,1589,16
1590,25.253999999999998,7.2040000000000015,2.0384340641208603e-06,4.317281439507238,196,4.0,gauss0.65arcmin,515,1590,16
1591,25.876000000000005,6.043333333333334,2.1008454549764886e-06,4.310156170123182,284,4.0,gauss0.75arcmin,580,1591,16
1592,24.72200000000001,6.350000000000001,2.578452928197398e-06,4.3095460455910946,53,4.0,gauss0.35arcmin,230,1592,16
1593,25.939333333333323,4.496,2.7007695901458236e-06,4.302949681092029,59,4.0,gauss0.35arcmin,231,1593,16
1594,26.42533333333333,5.355333333333334,3.27550322578272e-06,4.29512119323558,23,4.0,gauss0.25arcmin,17,1594,16
1595,24.54,7.387333333333334,3.139408658174283e-06,4.288541101279318,28,4.0,gauss0.25arcmin,18,1595,16
1596,26.111333333333334,5.042666666666667,2.2621256189730565e-06,4.283239238563051,209,4.0,gauss0.75arcmin,582,1596,16
1597,26.891333333333336,5.109333333333334,2.3236710906728595e-06,4.280819335768112,99,4.0,gauss0.5arcmin,395,1597,16
1598,26.042000000000005,5.4,2.34806599764606e-06,4.277318873482766,95,4.0,gauss0.45arcmin,349,1598,16
1599,25.915333333333336,4.478000000000001,2.9122493612976123e-06,4.272912459558089,39,4.0,gauss0.3arcmin,150,1599,16
1600,27.194000000000003,6.2073333333333345,2.82364654147632e-06,4.258155018341308,35,4.0,gauss0.3arcmin,153,1600,16
1601,25.29333333333333,6.089333333333334,2.0998590771895275e-06,4.253111513213604,114,4.0,gauss0.6arcmin,480,1601,16
1602,26.62933333333333,5.081333333333334,3.2781833740031e-06,4.252912958263715,19,4.0,gauss0.25arcmin,20,1602,16
1603,27.476000000000006,4.986666666666667,2.2004613007086813e-06,4.252884659470512,197,4.0,gauss0.75arcmin,583,1603,16
1604,26.003333333333337,5.456666666666667,3.210254564178537e-06,4.2381865378846,19,4.0,gauss0.25arcmin,23,1604,16
1605,25.29800000000001,7.278666666666667,3.0671427946602264e-06,4.232554608675204,15,4.0,gauss0.25arcmin,24,1605,16
1606,25.757333333333342,5.844000000000001,2.121781454631658e-06,4.227411006766674,105,4.0,gauss0.6arcmin,481,1606,16
1607,27.05266666666668,6.109333333333334,3.1830510547446552e-06,4.225744251368872,23,4.0,gauss0.25arcmin,27,1607,16
1608,26.021333333333338,6.132666666666667,3.208464871501143e-06,4.2188372307970585,21,4.0,gauss0.25arcmin,28,1608,16
1609,24.991333333333326,7.485333333333334,1.9712547730080572e-06,4.214095739432723,151,4.0,gauss0.75arcmin,585,1609,16
1610,27.38133333333333,7.219333333333334,2.227551164727353e-06,4.213474063762339,70,4.0,gauss0.5arcmin,398,1610,16
1611,24.742666666666672,7.2953333333333354,1.992631289522474e-06,4.212431416677883,132,4.0,gauss0.7arcmin,557,1611,16
1612,26.063999999999997,4.720000000000001,2.355211403515805e-06,4.210641459886137,71,4.0,gauss0.5arcmin,399,1612,16
1613,25.036000000000005,7.500000000000001,3.06505846043699e-06,4.2104196219995815,17,4.0,gauss0.25arcmin,29,1613,16
1614,27.535333333333337,4.773333333333334,3.2530738463119377e-06,4.208178705569844,23,4.0,gauss0.25arcmin,30,1614,16
1615,25.79866666666667,5.7393333333333345,2.125048424108493e-06,4.208102996874798,97,4.0,gauss0.6arcmin,483,1615,16
1616,25.144000000000002,4.614000000000001,2.206560669858779e-06,4.20216405592912,119,4.0,gauss0.65arcmin,521,1616,16
1617,24.662000000000013,7.334666666666668,3.073562169414364e-06,4.195201632918668,11,4.0,gauss0.25arcmin,31,1617,16
1618,24.867333333333345,6.399333333333334,1.9944089193481024e-06,4.194092252123377,182,4.0,gauss0.75arcmin,589,1618,16
1619,26.283333333333342,5.679333333333334,3.184452011868193e-06,4.1912785748365184,16,4.0,gauss0.25arcmin,32,1619,16
1620,25.37733333333334,4.922000000000001,2.8566270656712144e-06,4.190535853248941,30,4.0,gauss0.3arcmin,159,1620,16
1621,27.207333333333327,5.033333333333334,3.24468559265131e-06,4.187098508134538,18,4.0,gauss0.25arcmin,33,1621,16
1622,24.786666666666687,6.069333333333334,1.976266625373965e-06,4.17501209484128,205,4.0,gauss0.75arcmin,590,1622,16
1623,25.818,5.097333333333334,2.8185165543885568e-06,4.170457085670984,21,4.0,gauss0.3arcmin,160,1623,16
1624,26.412000000000006,6.948000000000001,2.3186024479069383e-06,4.17009609865049,39,4.0,gauss0.4arcmin,299,1624,16
1625,27.64533333333333,5.899333333333334,2.5217201347648427e-06,4.163948835300494,31,4.0,gauss0.35arcmin,238,1625,16
1626,25.476666666666667,4.873333333333334,2.1432719498295685e-06,4.16076059483806,601,4.0,gauss0.75arcmin,591,1626,16
1627,24.528000000000006,5.029333333333334,2.2157378013004316e-06,4.158534934074154,86,4.0,gauss0.6arcmin,487,1627,16
1628,25.51933333333335,7.520666666666668,2.399113695821709e-06,4.156838134383763,27,4.0,gauss0.35arcmin,239,1628,16
1629,26.67533333333334,5.353333333333334,2.3771150057198617e-06,4.14930714566109,32,4.0,gauss0.4arcmin,301,1629,16
1630,26.412000000000006,4.517333333333334,2.838253332958233e-06,4.1467949709547955,20,4.0,gauss0.3arcmin,163,1630,16
1631,25.671333333333337,6.898000000000001,1.9499047492052123e-06,4.145095450224066,86,4.0,gauss0.7arcmin,563,1631,16
1632,24.714000000000006,6.542000000000001,2.078383924823703e-06,4.140972247743592,53,4.0,gauss0.55arcmin,449,1632,16
1633,24.440666666666672,5.832000000000001,2.2204766530710225e-06,4.140370034255582,37,4.0,gauss0.45arcmin,359,1633,16
1634,26.063999999999997,5.0760000000000005,2.272928708934244e-06,4.138054180786816,49,4.0,gauss0.5arcmin,406,1634,16
1635,24.48800000000001,6.921333333333334,3.026887891822499e-06,4.137689758570014,14,4.0,gauss0.25arcmin,36,1635,16
1636,26.080000000000005,7.1946666666666665,2.9978895240512966e-06,4.134970234619644,12,4.0,gauss0.25arcmin,37,1636,16
1637,27.041333333333327,5.701333333333335,3.139783656893823e-06,4.133426602621054,10,4.0,gauss0.25arcmin,39,1637,16
1638,25.816000000000006,7.252666666666666,1.8953469581214706e-06,4.133258983032075,130,4.0,gauss0.75arcmin,595,1638,16
1639,24.931999999999995,6.542666666666667,3.0517452252711543e-06,4.129967222959016,10,4.0,gauss0.25arcmin,41,1639,16
1640,25.633999999999997,6.962000000000001,2.4029497433398254e-06,4.12834443631664,27,4.0,gauss0.35arcmin,245,1640,16
1641,26.08933333333334,5.118,3.1535802185196164e-06,4.1281461517922535,9,4.0,gauss0.25arcmin,42,1641,16
1642,26.810000000000013,4.422666666666667,2.819494410680067e-06,4.127693175469953,19,4.0,gauss0.3arcmin,166,1642,16
1643,25.28333333333333,6.003333333333334,2.4771986320216344e-06,4.127183612075294,25,4.0,gauss0.35arcmin,246,1643,16
1644,26.23333333333335,7.358666666666669,3.000379246029136e-06,4.1269875872744635,12,4.0,gauss0.25arcmin,43,1644,16
1645,27.424000000000014,7.348000000000002,2.7539547641470035e-06,4.124781458914729,17,4.0,gauss0.3arcmin,167,1645,16
1646,26.644666666666676,5.518666666666667,3.1460634696226024e-06,4.1245799535604615,11,4.0,gauss0.25arcmin,44,1646,16
1647,27.56333333333334,5.860666666666668,2.4980549626196755e-06,4.124428669824334,22,4.0,gauss0.35arcmin,247,1647,16
1648,24.981999999999992,7.1960000000000015,2.428519757960418e-06,4.122335208307317,22,4.0,gauss0.35arcmin,248,1648,16
1649,24.471333333333334,6.817333333333334,3.029042597855613e-06,4.122310216607835,15,4.0,gauss0.25arcmin,45,1649,16
1650,27.142666666666678,6.148000000000001,3.1042295496171565e-06,4.121522001366219,12,4.0,gauss0.25arcmin,46,1650,16
1651,26.05333333333333,7.595333333333334,1.947730550027694e-06,4.120668752837468,57,4.0,gauss0.6arcmin,490,1651,16
1652,25.864000000000008,6.335333333333335,3.088168126441301e-06,4.119071759584296,9,4.0,gauss0.25arcmin,47,1652,16
1653,24.77133333333334,5.126666666666667,3.1579901413449214e-06,4.117845132771462,13,4.0,gauss0.25arcmin,48,1653,16
1654,25.66599999999999,5.348666666666667,3.091749693432076e-06,4.11704430563834,8,4.0,gauss0.25arcmin,49,1654,16
1655,25.165999999999997,6.988000000000001,2.993026318258853e-06,4.11670590858721,10,4.0,gauss0.25arcmin,50,1655,16
1656,24.47800000000001,7.001333333333334,2.1612417619703905e-06,4.11521786184049,29,4.0,gauss0.45arcmin,362,1656,16
1657,24.604666666666677,6.8660000000000005,3.0322527130647816e-06,4.114403050903273,12,4.0,gauss0.25arcmin,52,1657,16
1658,24.97600000000001,6.920000000000002,1.976052197019793e-06,4.113899350416227,62,4.0,gauss0.65arcmin,530,1658,16
1659,25.673333333333332,5.644666666666668,2.166931517772527e-06,4.113470359246198,38,4.0,gauss0.5arcmin,411,1659,16
1660,27.508,4.474666666666668,2.114981995382555e-06,4.113284683858511,122,4.0,gauss0.75arcmin,597,1660,16
1661,25.37133333333333,4.677333333333334,2.803607617446418e-06,4.112233832760768,16,4.0,gauss0.3arcmin,169,1661,16
1662,26.460000000000008,5.077333333333334,3.1708042588779537e-06,4.112140955560419,9,4.0,gauss0.25arcmin,53,1662,16
1663,26.21333333333335,5.354666666666668,3.1168435198446256e-06,4.112008907842987,9,4.0,gauss0.25arcmin,54,1663,16
1664,25.248666666666676,6.576666666666668,3.032314566464654e-06,4.110119386460317,9,4.0,gauss0.25arcmin,55,1664,16
1665,26.036666666666658,4.443333333333335,2.5796294613015343e-06,4.1099416244110305,18,4.0,gauss0.35arcmin,249,1665,16
1666,24.898666666666674,4.772,2.847309847573357e-06,4.108776781388815,16,4.0,gauss0.3arcmin,171,1666,16
1667,26.20600000000001,4.634,3.1770786420402445e-06,4.1041514281172145,11,4.0,gauss0.25arcmin,56,1667,16
1668,24.684000000000008,5.626,1.989708050136273e-06,4.104115058983331,77,4.0,gauss0.75arcmin,598,1668,16
1669,24.780000000000012,7.2393333333333345,3.006366418617969e-06,4.10348035252285,8,4.0,gauss0.25arcmin,57,1669,16
1670,27.232000000000006,5.818666666666667,2.7215778440222986e-06,4.101260638130768,12,4.0,gauss0.3arcmin,173,1670,16
1671,27.100666666666683,6.828000000000001,2.111589247712652e-06,4.1001756421978195,38,4.0,gauss0.55arcmin,455,1671,16
1672,24.653333333333343,6.350000000000001,3.0355999213694116e-06,4.0990530335400575,7,4.0,gauss0.25arcmin,58,1672,16
1673,26.76466666666667,5.098666666666667,3.153395356014764e-06,4.097975173502872,9,4.0,gauss0.25arcmin,59,1673,16
1674,26.096666666666682,7.341333333333335,2.970470847753029e-06,4.0971050929876265,9,4.0,gauss0.25arcmin,60,1674,16
1675,25.87400000000001,5.134666666666667,3.123494778540443e-06,4.097091285119432,10,4.0,gauss0.25arcmin,61,1675,16
1676,27.546000000000003,5.195333333333334,3.1281195055397502e-06,4.096939272623245,10,4.0,gauss0.25arcmin,62,1676,16
1677,26.41000000000001,6.368000000000001,2.199919660591291e-06,4.096369301022847,31,4.0,gauss0.45arcmin,367,1677,16
1678,27.511333333333347,6.325333333333334,3.068398498864982e-06,4.09607660212369,10,4.0,gauss0.25arcmin,63,1678,16
1679,24.618000000000002,6.2746666666666675,2.6856928877333646e-06,4.095648486462203,14,4.0,gauss0.3arcmin,175,1679,16
1680,25.076666666666668,4.846666666666668,3.18729332792026e-06,4.095633629484367,8,4.0,gauss0.25arcmin,64,1680,16
1681,26.12399999999999,5.7426666666666675,3.107828631797576e-06,4.090382408748748,15,4.0,gauss0.25arcmin,65,1681,16
1682,26.04866666666668,5.5246666666666675,3.0982099123474866e-06,4.090191020803407,7,4.0,gauss0.25arcmin,66,1682,16
1683,25.525333333333336,4.703333333333334,2.1983818853517103e-06,4.087030737220927,40,4.0,gauss0.55arcmin,456,1683,16
1684,27.32466666666666,6.932666666666669,2.721857809593582e-06,4.086079519123281,14,4.0,gauss0.3arcmin,179,1684,16
1685,26.540000000000003,6.016000000000001,3.102309886013096e-06,4.085861459864302,8,4.0,gauss0.25arcmin,67,1685,16
1686,27.35866666666667,5.0360000000000005,3.165475190287214e-06,4.085431713376042,8,4.0,gauss0.25arcmin,68,1686,16
1687,26.081333333333337,6.525333333333334,1.9366145472897985e-06,4.083429464207796,129,4.0,gauss0.75arcmin,600,1687,16
1688,26.324666666666673,6.4860000000000015,2.2918929839730533e-06,4.082379981383209,18,4.0,gauss0.4arcmin,313,1688,16
1689,25.058666666666664,4.608666666666667,2.274830103542299e-06,4.078534223953425,33,4.0,gauss0.5arcmin,418,1689,16
1690,26.149333333333338,4.450666666666668,2.559491560196308e-06,4.077776260006203,15,4.0,gauss0.35arcmin,254,1690,16
1691,27.49533333333334,5.660666666666668,2.7269798342266413e-06,4.077415253958985,11,4.0,gauss0.3arcmin,181,1691,16
1692,24.823333333333334,6.586666666666668,3.01244129985875e-06,4.076741494941959,7,4.0,gauss0.25arcmin,69,1692,16
1693,25.034666666666674,6.084000000000001,3.040236852086472e-06,4.076527961015069,7,4.0,gauss0.25arcmin,70,1693,16
1694,26.913999999999994,4.672000000000001,2.261944404271135e-06,4.07414664563822,28,4.0,gauss0.5arcmin,421,1694,16
1695,27.556666666666665,6.4606666666666674,1.9890842398209497e-06,4.073800752100789,69,4.0,gauss0.75arcmin,601,1695,16
1696,25.754000000000016,6.7713333333333345,3.027384187585939e-06,4.073594193909647,6,4.0,gauss0.25arcmin,72,1696,16
1697,25.557999999999993,5.9346666666666685,3.0308084675752524e-06,4.072476628835643,6,4.0,gauss0.25arcmin,73,1697,16
1698,25.09333333333334,5.348000000000001,3.070131144817977e-06,4.07228868453628,9,4.0,gauss0.25arcmin,74,1698,16
1699,26.712000000000014,6.557333333333335,3.0412536717544766e-06,4.071033844222811,6,4.0,gauss0.25arcmin,75,1699,16
1700,26.451333333333338,4.720000000000001,3.157815125083958e-06,4.069560799058293,7,4.0,gauss0.25arcmin,76,1700,16
1701,26.229333333333333,6.364000000000001,2.4424784739672024e-06,4.069500175677425,13,4.0,gauss0.35arcmin,257,1701,16
1702,26.98266666666666,6.686000000000001,3.058257468412751e-06,4.068805450350807,6,4.0,gauss0.25arcmin,77,1702,16
1703,24.608666666666664,5.086666666666667,3.1404625350757137e-06,4.066105766386393,6,4.0,gauss0.25arcmin,79,1703,16
1704,25.384000000000015,7.274666666666668,2.945235116142826e-06,4.0643949469922305,6,4.0,gauss0.25arcmin,80,1704,16
1705,27.582000000000008,6.995333333333334,3.0617731119881758e-06,4.063364823681891,7,4.0,gauss0.25arcmin,81,1705,16
1706,27.46266666666668,5.937333333333334,3.05745287208362e-06,4.063133562017334,7,4.0,gauss0.25arcmin,82,1706,16
1707,25.844000000000012,5.191333333333334,3.0812611709202767e-06,4.06115458936976,7,4.0,gauss0.25arcmin,84,1707,16
1708,26.314000000000007,5.258000000000001,2.7144818154852874e-06,4.059438676831007,9,4.0,gauss0.3arcmin,192,1708,16
1709,24.89666666666668,6.090000000000001,3.0280531032097953e-06,4.05819157393614,5,4.0,gauss0.25arcmin,87,1709,16
1710,27.302000000000003,4.508000000000001,3.1412554957454e-06,4.058116962021694,6,4.0,gauss0.25arcmin,88,1710,16
1711,27.391999999999996,5.902666666666668,2.3223077977130696e-06,4.054035239809086,11,4.0,gauss0.4arcmin,323,1711,16
1712,26.971999999999998,6.967333333333334,3.056236650656982e-06,4.052922126104898,13,4.0,gauss0.25arcmin,90,1712,16
1713,25.68933333333334,5.524000000000001,3.047764163068256e-06,4.051870928304424,4,4.0,gauss0.25arcmin,91,1713,16
1714,26.74466666666667,6.241333333333334,2.6908039678145317e-06,4.051481492507411,8,4.0,gauss0.3arcmin,195,1714,16
1715,26.60600000000001,4.779333333333334,2.137020128991142e-06,4.051251645528665,61,4.0,gauss0.75arcmin,602,1715,16
1716,24.62533333333334,4.837333333333334,2.4436655191345156e-06,4.049563022386262,11,4.0,gauss0.4arcmin,324,1716,16
1717,24.390666666666675,6.608666666666667,2.1553511093552597e-06,4.048408663435571,14,4.0,gauss0.45arcmin,376,1717,16
1718,25.190666666666676,7.423333333333336,2.5731087365213326e-06,4.04701760472172,8,4.0,gauss0.3arcmin,198,1718,16
1719,25.225333333333328,5.328666666666668,3.028437308221884e-06,4.0464972344617545,6,4.0,gauss0.25arcmin,93,1719,16
1720,24.460666666666672,5.472,2.474900634664519e-06,4.046207770550893,8,4.0,gauss0.35arcmin,261,1720,16
1721,24.685333333333336,6.688000000000001,2.9895184113878033e-06,4.045746273056796,4,4.0,gauss0.25arcmin,94,1721,16
1722,26.075333333333326,4.590000000000001,2.769302907400086e-06,4.045531241238571,6,4.0,gauss0.3arcmin,199,1722,16
1723,25.15533333333333,5.326666666666667,3.0345461698993453e-06,4.044526291503557,5,4.0,gauss0.25arcmin,95,1723,16
1724,25.615999999999996,5.229333333333334,2.671418608416492e-06,4.04415289819309,7,4.0,gauss0.3arcmin,200,1724,16
1725,25.96333333333334,7.448000000000001,2.1906146781777015e-06,4.0436323498624365,12,4.0,gauss0.4arcmin,326,1725,16
1726,24.777333333333324,4.836,2.5822342541950738e-06,4.042736233234097,8,4.0,gauss0.35arcmin,264,1726,16
1727,26.924666666666685,6.219333333333334,3.0512224785517074e-06,4.042543684220874,5,4.0,gauss0.25arcmin,96,1727,16
1728,25.302666666666664,6.134000000000001,3.005882390150306e-06,4.040756711234842,3,4.0,gauss0.25arcmin,99,1728,16
1729,25.502666666666677,7.010000000000001,2.9303654308496428e-06,4.040290149349705,3,4.0,gauss0.25arcmin,100,1729,16
1730,24.903999999999993,5.889333333333335,3.01471877694642e-06,4.040141629209656,5,4.0,gauss0.25arcmin,101,1730,16
1731,27.41866666666667,6.194666666666667,3.040798398586109e-06,4.037942310161401,4,4.0,gauss0.25arcmin,102,1731,16
1732,25.69800000000001,4.838666666666668,3.1179188542552e-06,4.035623605399753,3,4.0,gauss0.25arcmin,103,1732,16
1733,27.136666666666667,5.259333333333334,3.0926031155468235e-06,4.0356197454187885,4,4.0,gauss0.25arcmin,104,1733,16
1734,25.521333333333345,4.829333333333334,3.1126068148366754e-06,4.035474344047373,4,4.0,gauss0.25arcmin,105,1734,16
1735,27.31533333333335,7.394666666666667,3.054174234231705e-06,4.032806530683275,3,4.0,gauss0.25arcmin,106,1735,16
1736,27.077333333333335,7.409333333333335,3.0525565505979285e-06,4.0312179950500004,3,4.0,gauss0.25arcmin,107,1736,16
1737,27.39266666666666,6.809333333333334,2.6722441042072507e-06,4.030674694978502,6,4.0,gauss0.3arcmin,205,1737,16
1738,26.324666666666673,5.147333333333334,3.0804121381616846e-06,4.030377281787934,2,4.0,gauss0.25arcmin,108,1738,16
1739,26.66133333333335,4.688000000000001,3.1274865689371552e-06,4.030350194288632,4,4.0,gauss0.25arcmin,109,1739,16
1740,27.00333333333335,5.950000000000001,3.037004026784416e-06,4.030214053808012,4,4.0,gauss0.25arcmin,110,1740,16
1741,25.126666666666665,6.524000000000001,2.248984874077329e-06,4.030092893521949,7,4.0,gauss0.4arcmin,332,1741,16
1742,24.90266666666666,4.4606666666666674,2.77978098893903e-06,4.029042593132014,4,4.0,gauss0.3arcmin,207,1742,16
1743,24.941999999999997,7.446666666666667,2.5940906214117817e-06,4.028571708018878,5,4.0,gauss0.3arcmin,208,1743,16
1744,26.476000000000017,6.648666666666667,3.009246240465627e-06,4.028308865990626,2,4.0,gauss0.25arcmin,111,1744,16
1745,26.22200000000002,6.228666666666667,3.0538820006519143e-06,4.027315090870981,3,4.0,gauss0.25arcmin,113,1745,16
1746,25.76866666666667,6.889333333333334,2.962835936228985e-06,4.027185981200553,3,4.0,gauss0.25arcmin,114,1746,16
1747,26.585333333333345,5.4333333333333345,2.0321719274812732e-06,4.026021587312411,12,4.0,gauss0.6arcmin,504,1747,16
1748,24.53466666666668,7.070000000000001,2.1189214824094027e-06,4.02329421714308,7,4.0,gauss0.45arcmin,382,1748,16
1749,26.88466666666666,7.327333333333335,2.9998734629908714e-06,4.023097846238022,2,4.0,gauss0.25arcmin,115,1749,16
1750,24.438666666666677,5.044666666666667,2.3944966454482855e-06,4.0216590882085,5,4.0,gauss0.4arcmin,335,1750,16
1751,25.847333333333335,6.088666666666668,2.1988246644533957e-06,4.02130207092057,6,4.0,gauss0.45arcmin,383,1751,16
1752,26.752666666666673,7.455333333333335,2.1231510543632365e-06,4.019989953098073,6,4.0,gauss0.45arcmin,384,1752,16
1753,27.519999999999992,7.103333333333334,3.0299173368972508e-06,4.01904670690144,3,4.0,gauss0.25arcmin,119,1753,16
1754,24.792000000000005,6.965333333333335,2.593982172377079e-06,4.018724371174052,4,4.0,gauss0.3arcmin,213,1754,16
1755,24.857333333333347,6.276666666666667,2.9879421137396813e-06,4.018610447906144,3,4.0,gauss0.25arcmin,120,1755,16
1756,25.22666666666666,7.0373333333333346,2.3309930059725778e-06,4.016822326605301,3,4.0,gauss0.35arcmin,277,1756,16
1757,26.644000000000013,6.595333333333334,2.152418973578583e-06,4.016052505937299,6,4.0,gauss0.45arcmin,385,1757,16
1758,27.081333333333326,4.848666666666667,3.1178415308905337e-06,4.014867163288665,1,4.0,gauss0.25arcmin,122,1758,16
1759,24.41533333333333,5.157333333333334,2.3286200586270434e-06,4.014434109614692,5,4.0,gauss0.4arcmin,338,1759,16
1760,24.568000000000005,7.164666666666667,2.5852800093467163e-06,4.013513038563704,3,4.0,gauss0.3arcmin,215,1760,16
1761,24.758000000000017,5.868,2.9948086158889256e-06,4.013193380667682,1,4.0,gauss0.25arcmin,124,1761,16
1762,25.394666666666676,7.507333333333334,2.894703658959379e-06,4.012770504134483,1,4.0,gauss0.25arcmin,125,1762,16
1763,26.854666666666663,7.488000000000002,2.3886953529659854e-06,4.012115801222441,2,4.0,gauss0.35arcmin,282,1763,16
1764,26.99600000000001,6.563333333333335,3.0157218957099077e-06,4.011333496075603,1,4.0,gauss0.25arcmin,126,1764,16
1765,25.69800000000001,4.953333333333334,2.3819126179967498e-06,4.010301884071839,2,4.0,gauss0.4arcmin,341,1765,16
1766,24.882666666666665,5.98,2.991744494992114e-06,4.009490165528011,1,4.0,gauss0.25arcmin,127,1766,16
1767,25.338000000000008,5.174,3.0116053437011206e-06,4.009323032166445,2,4.0,gauss0.25arcmin,128,1767,16
1768,24.473999999999993,6.178000000000001,2.975778878669993e-06,4.008179692227532,2,4.0,gauss0.25arcmin,129,1768,16
1769,26.842000000000006,5.615333333333334,2.1953010871214364e-06,4.006655065634446,2,4.0,gauss0.45arcmin,387,1769,16
1770,25.477999999999998,6.181333333333335,2.625182800952326e-06,4.006193072593655,2,4.0,gauss0.3arcmin,217,1770,16
1771,27.599333333333348,6.496,2.641534523272765e-06,4.005277189586039,1,4.0,gauss0.3arcmin,218,1771,16
1772,26.211999999999993,4.993333333333334,3.0960919585311927e-06,4.004001386520262,1,4.0,gauss0.25arcmin,132,1772,16
1773,25.061333333333348,4.912666666666667,3.1190418407005905e-06,4.0036202859797,1,4.0,gauss0.25arcmin,133,1773,16
1774,24.556666666666676,5.580000000000001,3.034294379545596e-06,4.001992929391238,1,4.0,gauss0.25arcmin,134,1774,16
1775,24.638666666666666,4.435333333333334,3.1156331750587325e-06,4.000702219750428,1,4.0,gauss0.25arcmin,136,1775,16
1776,24.755999999999997,4.5486666666666675,3.697677809664626e-06,4.790452675590304,74,4.0,gauss0.25arcmin,0,1776,17
1777,25.510000000000016,4.866666666666667,2.3481430495021476e-06,4.662514138849205,640,4.0,gauss0.75arcmin,157,1777,17
1778,25.490666666666684,4.805333333333334,3.0936164855724015e-06,4.596614650309386,71,4.0,gauss0.3arcmin,53,1778,17
1779,26.141333333333332,6.193333333333334,3.2411443918501513e-06,4.308287529379381,25,4.0,gauss0.25arcmin,2,1779,17
1780,26.14399999999999,6.166,3.2296233681788354e-06,4.290442754791431,22,4.0,gauss0.25arcmin,3,1780,17
1781,27.50266666666668,4.503333333333334,2.3100825486640187e-06,4.27426122519711,91,4.0,gauss0.5arcmin,124,1781,17
1782,24.556000000000008,7.074000000000001,3.0763750684413364e-06,4.266069036302328,16,4.0,gauss0.25arcmin,4,1782,17
1783,26.128000000000007,4.459333333333334,2.8327496784656182e-06,4.219184640727129,31,4.0,gauss0.3arcmin,54,1783,17
1784,26.088666666666676,7.3593333333333355,3.037331018740505e-06,4.210505878846283,15,4.0,gauss0.25arcmin,5,1784,17
1785,27.348666666666674,6.932000000000001,3.1320998979400905e-06,4.176807268462891,14,4.0,gauss0.25arcmin,6,1785,17
1786,25.712,5.506000000000001,2.1604315261265077e-06,4.160644548335031,52,4.0,gauss0.5arcmin,125,1786,17
1787,26.425999999999995,6.927333333333334,2.6870272900572306e-06,4.16039367848931,24,4.0,gauss0.3arcmin,55,1787,17
1788,26.868666666666677,5.092666666666667,3.168647057634773e-06,4.1522173403752785,15,4.0,gauss0.25arcmin,8,1788,17
1789,25.18266666666667,7.000000000000001,2.9688398686255165e-06,4.134044563677945,10,4.0,gauss0.25arcmin,9,1789,17
1790,24.76266666666667,5.1046666666666685,3.135351328677432e-06,4.116446095288685,10,4.0,gauss0.25arcmin,10,1790,17
1791,25.878,6.404666666666667,1.9184084156431782e-06,4.115470159291794,98,4.0,gauss0.75arcmin,158,1791,17
1792,24.98733333333334,7.516000000000001,2.9520077990973528e-06,4.112075495843202,10,4.0,gauss0.25arcmin,11,1792,17
1793,24.54600000000001,4.656666666666667,2.1105004095372718e-06,4.102409044096394,88,4.0,gauss0.75arcmin,159,1793,17
1794,25.406666666666673,7.077333333333335,2.0097618304917548e-06,4.097189260695803,33,4.0,gauss0.5arcmin,126,1794,17
1795,24.71933333333335,7.286666666666669,2.2139619477855557e-06,4.092248295322986,21,4.0,gauss0.4arcmin,89,1795,17
1796,25.077333333333332,4.5840000000000005,2.7779487278632803e-06,4.090437897727725,12,4.0,gauss0.3arcmin,57,1796,17
1797,24.81266666666667,7.243333333333334,2.5851905274152883e-06,4.087534181112866,13,4.0,gauss0.3arcmin,58,1797,17
1798,24.942666666666685,7.396666666666668,2.9438590748922568e-06,4.0813642536733745,7,4.0,gauss0.25arcmin,12,1798,17
1799,25.71066666666667,4.5120000000000005,2.096323781564132e-06,4.080557357025969,60,4.0,gauss0.7arcmin,150,1799,17
1800,25.313999999999993,6.090000000000001,3.003548073235977e-06,4.076413840882608,6,4.0,gauss0.25arcmin,14,1800,17
1801,25.44666666666667,4.8146666666666675,2.0523484771387645e-06,4.075422644206087,59,4.0,gauss0.75arcmin,161,1801,17
1802,26.262000000000015,4.455333333333334,2.736964298417266e-06,4.073545754981085,10,4.0,gauss0.3arcmin,59,1802,17
1803,25.813333333333347,6.222666666666668,2.6824582733557923e-06,4.071214480617107,10,4.0,gauss0.3arcmin,60,1803,17
1804,25.644,5.8180000000000005,2.416081844017885e-06,4.0649830577193455,11,4.0,gauss0.35arcmin,75,1804,17
1805,24.95733333333334,6.597333333333334,2.9604029611364656e-06,4.063913131060098,5,4.0,gauss0.25arcmin,15,1805,17
1806,26.812666666666672,6.040000000000001,3.054545640902626e-06,4.063481664492919,8,4.0,gauss0.25arcmin,16,1806,17
1807,25.843333333333344,6.043333333333334,2.4471446070038823e-06,4.0606245658854965,11,4.0,gauss0.35arcmin,76,1807,17
1808,24.944000000000017,6.496666666666668,2.9578472986218096e-06,4.06037754608923,6,4.0,gauss0.25arcmin,17,1808,17
1809,25.38333333333335,4.404000000000001,2.351751266185735e-06,4.056423460714828,12,4.0,gauss0.4arcmin,90,1809,17
1810,27.118,6.146000000000001,2.6670333094528205e-06,4.055671972682531,7,4.0,gauss0.3arcmin,61,1810,17
1811,24.883999999999993,6.572000000000001,2.953445665718194e-06,4.0544978565311345,5,4.0,gauss0.25arcmin,19,1811,17
1812,24.92,6.838666666666668,2.9469548832524834e-06,4.052680836003225,4,4.0,gauss0.25arcmin,20,1812,17
1813,24.592000000000017,7.582666666666667,2.3273108177523646e-06,4.049021979711656,9,4.0,gauss0.35arcmin,78,1813,17
1814,24.78533333333333,7.203333333333335,2.9203342660037505e-06,4.048406772449849,4,4.0,gauss0.25arcmin,21,1814,17
1815,27.105333333333338,4.835333333333334,3.1178231085446223e-06,4.048163789630471,4,4.0,gauss0.25arcmin,22,1815,17
1816,27.42600000000001,7.045333333333335,2.443989254608648e-06,4.0457428588949504,8,4.0,gauss0.35arcmin,79,1816,17
1817,24.944000000000017,6.692000000000001,2.9466355549828995e-06,4.0451070989288045,3,4.0,gauss0.25arcmin,23,1817,17
1818,25.323333333333327,7.004000000000002,2.1630177027808584e-06,4.04508540271181,10,4.0,gauss0.4arcmin,93,1818,17
1819,25.048,6.978666666666668,2.9161470605011995e-06,4.042626385557316,5,4.0,gauss0.25arcmin,24,1819,17
1820,25.023333333333348,7.066666666666667,1.8377897111633557e-06,4.038834945514742,24,4.0,gauss0.75arcmin,162,1820,17
1821,27.322666666666667,7.424000000000002,2.667498817904676e-06,4.037126700913247,6,4.0,gauss0.3arcmin,63,1821,17
1822,25.522666666666677,6.364000000000001,2.9514666869990145e-06,4.036801807669136,2,4.0,gauss0.25arcmin,26,1822,17
1823,26.48066666666667,6.944666666666667,2.9684613518816666e-06,4.034637801039622,3,4.0,gauss0.25arcmin,27,1823,17
1824,24.436000000000018,7.0326666666666675,2.8971449306251958e-06,4.034251617055904,1,4.0,gauss0.25arcmin,28,1824,17
1825,25.728666666666673,6.2986666666666675,2.2435274581470856e-06,4.034009198548429,8,4.0,gauss0.4arcmin,96,1825,17
1826,27.25533333333333,4.854666666666668,3.1067441886233583e-06,4.0337662909954926,4,4.0,gauss0.25arcmin,29,1826,17
1827,26.557333333333343,5.6240000000000006,3.046959324430964e-06,4.0327102971219455,3,4.0,gauss0.25arcmin,30,1827,17
1828,26.49066666666667,6.350000000000001,2.2416188831757956e-06,4.03194458272058,6,4.0,gauss0.4arcmin,97,1828,17
1829,27.127999999999997,6.652000000000001,2.279881319555041e-06,4.0318584909037,8,4.0,gauss0.4arcmin,98,1829,17
1830,24.896000000000015,6.318666666666667,2.117629784050844e-06,4.031468166112593,9,4.0,gauss0.45arcmin,113,1830,17
1831,26.85866666666668,6.298000000000001,3.0118011243413695e-06,4.0312389832205415,3,4.0,gauss0.25arcmin,31,1831,17
1832,24.953333333333326,5.361333333333334,2.446152039317327e-06,4.030967863600808,6,4.0,gauss0.35arcmin,82,1832,17
1833,25.404666666666678,5.389333333333334,2.988894588462779e-06,4.030462537500246,3,4.0,gauss0.25arcmin,32,1833,17
1834,26.996666666666677,5.296666666666668,3.0605291672656623e-06,4.0302307169448985,4,4.0,gauss0.25arcmin,33,1834,17
1835,25.504000000000005,4.8260000000000005,3.0732740169828408e-06,4.029386830667819,2,4.0,gauss0.25arcmin,34,1835,17
1836,26.77799999999999,6.406666666666667,2.9899797746670095e-06,4.028670974973833,4,4.0,gauss0.25arcmin,35,1836,17
1837,26.876666666666683,6.014666666666668,3.023336217910708e-06,4.028578773445261,2,4.0,gauss0.25arcmin,36,1837,17
1838,27.47666666666667,6.0006666666666675,3.0059916663949373e-06,4.0282550527020105,3,4.0,gauss0.25arcmin,37,1838,17
1839,26.723333333333343,6.826666666666668,2.9810445718424187e-06,4.026288713821,4,4.0,gauss0.25arcmin,38,1839,17
1840,24.992666666666683,7.0373333333333346,2.0747528220944833e-06,4.026263847174935,10,4.0,gauss0.45arcmin,116,1840,17
1841,26.56133333333333,4.777333333333334,2.1211899873389596e-06,4.0258907688042935,13,4.0,gauss0.6arcmin,138,1841,17
1842,24.737999999999992,6.703333333333334,2.932536852427214e-06,4.0258639615484535,4,4.0,gauss0.25arcmin,39,1842,17
1843,26.554666666666655,4.645333333333334,3.086793464154563e-06,4.023801068437784,2,4.0,gauss0.25arcmin,40,1843,17
1844,27.34533333333335,6.478000000000001,1.946399733304758e-06,4.023690809194622,22,4.0,gauss0.75arcmin,163,1844,17
1845,27.21266666666667,7.273333333333335,1.9027330378050691e-06,4.0227693450318185,12,4.0,gauss0.75arcmin,164,1845,17
1846,26.234000000000012,5.675333333333335,1.972467890063478e-06,4.021932202396698,13,4.0,gauss0.65arcmin,146,1846,17
1847,26.344000000000005,5.432666666666667,2.164385726039476e-06,4.021030406961461,5,4.0,gauss0.45arcmin,119,1847,17
1848,24.457333333333345,6.188666666666667,2.9520100644747488e-06,4.020628148224073,2,4.0,gauss0.25arcmin,42,1848,17
1849,27.120666666666683,5.387333333333334,3.053058204899035e-06,4.019088037714435,2,4.0,gauss0.25arcmin,43,1849,17
1850,24.65666666666667,7.176000000000001,1.8295288227176958e-06,4.018193920759617,16,4.0,gauss0.75arcmin,165,1850,17
1851,24.817333333333348,4.756,2.5239552536256017e-06,4.016274536106787,3,4.0,gauss0.35arcmin,83,1851,17
1852,27.357333333333344,6.276666666666667,3.0023232397604075e-06,4.015366954041287,3,4.0,gauss0.25arcmin,44,1852,17
1853,26.316666666666666,4.487333333333334,3.05909018328056e-06,4.010855813258312,1,4.0,gauss0.25arcmin,45,1853,17
1854,26.865999999999993,6.212666666666667,3.0070885664259028e-06,4.00925944610862,2,4.0,gauss0.25arcmin,47,1854,17
1855,26.47733333333335,4.638000000000002,2.3459876085096547e-06,4.008447480569513,3,4.0,gauss0.4arcmin,105,1855,17
1856,24.418000000000013,7.098000000000001,2.5217612166059712e-06,4.005934869888217,2,4.0,gauss0.3arcmin,68,1856,17
1857,25.51200000000001,6.686666666666668,2.923448212849757e-06,4.004933136506356,2,4.0,gauss0.25arcmin,49,1857,17
1858,27.542000000000012,6.079333333333334,2.020056190000507e-06,4.004772755585882,3,4.0,gauss0.6arcmin,142,1858,17
1859,25.831333333333326,4.494666666666667,2.2383804118341553e-06,4.004619302770493,2,4.0,gauss0.45arcmin,123,1859,17
1860,24.39533333333333,6.148666666666667,2.940113347709353e-06,4.002519330911594,1,4.0,gauss0.25arcmin,50,1860,17
1861,27.439999999999998,6.211333333333334,2.630582880895165e-06,4.001161406885478,1,4.0,gauss0.3arcmin,69,1861,17
1862,25.493333333333343,6.6913333333333345,2.558380150451098e-06,4.422549096404937,72,4.0,gauss0.35arcmin,31,1862,18
1863,26.58133333333333,4.820666666666667,2.160528020111276e-06,4.207637217042542,224,4.0,gauss0.75arcmin,66,1863,18
1864,26.877333333333347,5.999333333333335,3.1238330795799104e-06,4.179451718675302,18,4.0,gauss0.25arcmin,0,1864,18
1865,27.41733333333334,6.213333333333334,3.087596981273305e-06,4.147061783282053,8,4.0,gauss0.25arcmin,1,1865,18
1866,26.070000000000007,7.366666666666669,2.6071721235632955e-06,4.142999939801512,20,4.0,gauss0.3arcmin,22,1866,18
1867,24.91133333333333,6.289333333333334,2.078905296311918e-06,4.132851066713113,45,4.0,gauss0.5arcmin,46,1867,18
1868,25.026000000000007,7.091333333333334,2.941324271647261e-06,4.111461806963975,9,4.0,gauss0.25arcmin,4,1868,18
1869,27.340666666666667,7.446000000000001,1.9631833441331263e-06,4.074039034530766,40,4.0,gauss0.65arcmin,55,1869,18
1870,25.818,4.5166666666666675,3.0907969140307225e-06,4.067617621655117,8,4.0,gauss0.25arcmin,5,1870,18
1871,26.17399999999999,4.481333333333334,2.080382308697988e-06,4.059952084143115,53,4.0,gauss0.75arcmin,67,1871,18
1872,24.94,6.842666666666668,2.9244354344844507e-06,4.051363554005494,5,4.0,gauss0.25arcmin,6,1872,18
1873,24.842666666666666,7.3660000000000005,2.896779573359061e-06,4.047595992398316,5,4.0,gauss0.25arcmin,7,1873,18
1874,25.49733333333333,4.7826666666666675,2.488663856002969e-06,4.047068765134885,8,4.0,gauss0.35arcmin,32,1874,18
1875,25.12066666666668,7.096000000000001,2.8800065982406666e-06,4.031847978516784,4,4.0,gauss0.25arcmin,8,1875,18
1876,25.634666666666664,7.431333333333336,2.1376170221337653e-06,4.027224223177952,8,4.0,gauss0.4arcmin,40,1876,18
1877,25.35733333333334,4.554,2.026879955299978e-06,4.026806339526667,18,4.0,gauss0.7arcmin,62,1877,18
1878,27.087333333333333,7.581333333333334,1.902942617157142e-06,4.025263970830462,18,4.0,gauss0.7arcmin,63,1878,18
1879,24.55333333333335,6.401333333333335,1.9481684739206703e-06,4.0241744995241575,10,4.0,gauss0.55arcmin,49,1879,18
1880,27.529333333333327,4.693333333333334,3.0729600051764066e-06,4.02069039501762,2,4.0,gauss0.25arcmin,9,1880,18
1881,27.114000000000008,6.4973333333333345,2.401295415241678e-06,4.019032487744358,4,4.0,gauss0.35arcmin,34,1881,18
1882,26.108666666666675,6.202666666666667,2.000847789709751e-06,4.017543548792805,8,4.0,gauss0.55arcmin,50,1882,18
1883,24.754,6.5440000000000005,2.9056985693583184e-06,4.017065495374682,1,4.0,gauss0.25arcmin,10,1883,18
1884,26.462666666666667,5.182666666666667,2.658202311693994e-06,4.016808765952996,3,4.0,gauss0.3arcmin,25,1884,18
1885,25.60133333333334,7.390666666666668,2.8667864889111672e-06,4.015495282336487,1,4.0,gauss0.25arcmin,11,1885,18
1886,26.139333333333337,6.130000000000001,3.005773343109614e-06,4.013001428414808,1,4.0,gauss0.25arcmin,12,1886,18
1887,25.237333333333346,6.3100000000000005,2.9229391373064053e-06,4.012831061167937,4,4.0,gauss0.25arcmin,13,1887,18
1888,26.787999999999993,5.032000000000001,3.060183138904412e-06,4.011614434659467,1,4.0,gauss0.25arcmin,14,1888,18
1889,24.686,6.713333333333334,2.32628456864354e-06,4.010313005848141,3,4.0,gauss0.35arcmin,35,1889,18
1890,26.612666666666684,7.324,2.352221191244167e-06,4.0093481703769,2,4.0,gauss0.35arcmin,36,1890,18
1891,26.25533333333334,7.417333333333335,2.8987227438615997e-06,4.007941809226142,1,4.0,gauss0.25arcmin,15,1891,18
1892,25.232000000000003,5.748666666666668,1.8856239704049319e-06,4.007901660196427,6,4.0,gauss0.7arcmin,64,1892,18
1893,26.580666666666666,7.2633333333333345,2.575629392167103e-06,4.007182964356212,1,4.0,gauss0.3arcmin,26,1893,18
1894,25.844666666666676,7.023333333333334,2.886572073874613e-06,4.005588644619779,1,4.0,gauss0.25arcmin,16,1894,18
1895,25.698666666666675,6.602000000000002,2.9255987941475253e-06,4.005135398167252,1,4.0,gauss0.25arcmin,17,1895,18
1896,24.780666666666676,6.689333333333334,2.896803935327094e-06,4.004811819518378,1,4.0,gauss0.25arcmin,18,1896,18
1897,26.02266666666667,5.010000000000001,2.2226032747790957e-06,4.0046546241046315,1,4.0,gauss0.45arcmin,45,1897,18
1898,26.824,4.683333333333334,2.6972375776824244e-06,4.0042979152355525,1,4.0,gauss0.3arcmin,27,1898,18
1899,27.376000000000012,6.883333333333335,2.9852495371468423e-06,4.004248206185644,1,4.0,gauss0.25arcmin,19,1899,18
1900,25.728666666666673,6.268000000000001,2.2162226409898893e-06,4.003505459713925,3,4.0,gauss0.4arcmin,42,1900,18
1901,26.35733333333333,5.740000000000002,2.3945765884806477e-06,4.003316485375866,3,4.0,gauss0.35arcmin,37,1901,18
1902,25.883333333333344,5.999333333333335,2.6298332562202325e-06,4.0027727234550206,1,4.0,gauss0.3arcmin,28,1902,18
1903,25.04933333333333,5.342666666666667,2.996202623313775e-06,4.000644166094339,1,4.0,gauss0.25arcmin,20,1903,18
1904,26.540666666666667,6.093333333333334,2.621978574969152e-06,4.000336302850083,1,4.0,gauss0.3arcmin,30,1904,18
1905,26.14399999999999,4.4766666666666675,3.213544245862677e-06,4.247988062463542,19,4.0,gauss0.25arcmin,0,1905,19
1906,26.53933333333334,4.702000000000001,3.062418165273759e-06,4.016047745014081,1,4.0,gauss0.25arcmin,1,1906,19
1907,24.47666666666668,6.888666666666667,2.864177477464183e-06,4.012685670919966,2,4.0,gauss0.25arcmin,2,1907,19
1908,25.293999999999993,6.443333333333334,2.8960523302550105e-06,4.007780203395311,1,4.0,gauss0.25arcmin,3,1908,19
1909,26.298,4.767333333333334,3.049135769109471e-06,4.005995264756266,1,4.0,gauss0.25arcmin,4,1909,19
1910,26.201333333333327,4.900666666666667,3.0443021851415333e-06,4.005810055394283,1,4.0,gauss0.25arcmin,5,1910,19
1911,25.311333333333334,7.534000000000002,2.2482156840730787e-06,4.003630694498784,1,4.0,gauss0.35arcmin,6,1911,19
1912,26.186666666666675,5.225333333333334,2.1353071865580195e-06,4.002567448559059,1,4.0,gauss0.45arcmin,8,1912,19
1913,24.594666666666676,5.486000000000001,2.271202939886039e-06,4.001902630840605,1,4.0,gauss0.4arcmin,7,1913,19
1914,26.42000000000001,4.722,3.0498557974682117e-06,4.006584669481188,1,4.0,gauss0.25arcmin,0,1914,20
